EntryID,Date,AccountID,Debit,Credit,Memo,Source
JE00001,2025-10-01,1000,1167345.39,0.00,Opening balances,Opening
JE00001,2025-10-01,1500,1200000.00,0.00,Opening balances,Opening
JE00001,2025-10-01,1590,0.00,610000.00,Opening balances,Opening
JE00001,2025-10-01,2500,0.00,452503.53,Opening balances,Opening
JE00001,2025-10-01,3000,0.00,400000.00,Opening balances,Opening
JE00001,2025-10-01,3900,0.00,904841.86,Opening balances,Opening
JE00002,2025-10-03,6100,15624.62,0.00,Payroll run,Payroll
JE00002,2025-10-03,6110,8576.92,0.00,Payroll run,Payroll
JE00002,2025-10-03,6120,8769.23,0.00,Payroll run,Payroll
JE00002,2025-10-03,6130,9000.00,0.00,Payroll run,Payroll
JE00002,2025-10-03,6160,3567.52,0.00,Payroll run,Payroll
JE00002,2025-10-03,1000,0.00,45538.29,Payroll run,Payroll
JE00003,2025-10-10,7000,3016.69,0.00,Term loan payment,Loan
JE00003,2025-10-10,2500,5983.31,0.00,Term loan payment,Loan
JE00003,2025-10-10,1000,0.00,9000.00,Term loan payment,Loan
JE00004,2025-10-17,6100,15624.62,0.00,Payroll run,Payroll
JE00004,2025-10-17,6110,8576.92,0.00,Payroll run,Payroll
JE00004,2025-10-17,6120,8769.23,0.00,Payroll run,Payroll
JE00004,2025-10-17,6130,9000.00,0.00,Payroll run,Payroll
JE00004,2025-10-17,6160,3567.52,0.00,Payroll run,Payroll
JE00004,2025-10-17,1000,0.00,45538.29,Payroll run,Payroll
JE00005,2025-10-21,1100,1279.59,0.00,Invoice 92 C1003,AR
JE00005,2025-10-21,4000,0.00,1279.59,Invoice 92 C1003,AR
JE00006,2025-10-21,1100,1612.84,0.00,Invoice 97 C1003,AR
JE00006,2025-10-21,4000,0.00,1612.84,Invoice 97 C1003,AR
JE00007,2025-10-21,1100,758.86,0.00,Invoice 353 C1011,AR
JE00007,2025-10-21,4000,0.00,758.86,Invoice 353 C1011,AR
JE00008,2025-10-22,1100,637.41,0.00,Invoice 159 C1005,AR
JE00008,2025-10-22,4000,0.00,637.41,Invoice 159 C1005,AR
JE00009,2025-10-22,1100,4270.41,0.00,Invoice 170 C1005,AR
JE00009,2025-10-22,4000,0.00,4270.41,Invoice 170 C1005,AR
JE00010,2025-10-22,1100,2513.81,0.00,Invoice 185 C1006,AR
JE00010,2025-10-22,4000,0.00,2513.81,Invoice 185 C1006,AR
JE00011,2025-10-22,1100,815.38,0.00,Invoice 191 C1006,AR
JE00011,2025-10-22,4000,0.00,815.38,Invoice 191 C1006,AR
JE00012,2025-10-22,1100,1305.74,0.00,Invoice 332 C1010,AR
JE00012,2025-10-22,4000,0.00,1305.74,Invoice 332 C1010,AR
JE00013,2025-10-22,1100,2395.36,0.00,Invoice 372 C1011,AR
JE00013,2025-10-22,4000,0.00,2395.36,Invoice 372 C1011,AR
JE00014,2025-10-22,1100,3332.43,0.00,Invoice 409 C1013,AR
JE00014,2025-10-22,4000,0.00,3332.43,Invoice 409 C1013,AR
JE00015,2025-10-22,1100,1742.55,0.00,Invoice 448 C1014,AR
JE00015,2025-10-22,4000,0.00,1742.55,Invoice 448 C1014,AR
JE00016,2025-10-22,1100,4427.77,0.00,Invoice 566 C1018,AR
JE00016,2025-10-22,4000,0.00,4427.77,Invoice 566 C1018,AR
JE00017,2025-10-22,1100,2184.61,0.00,Invoice 597 C1019,AR
JE00017,2025-10-22,4000,0.00,2184.61,Invoice 597 C1019,AR
JE00018,2025-10-22,1100,4708.03,0.00,Invoice 709 C1023,AR
JE00018,2025-10-22,4000,0.00,4708.03,Invoice 709 C1023,AR
JE00019,2025-10-22,1100,2154.07,0.00,Invoice 711 C1023,AR
JE00019,2025-10-22,4000,0.00,2154.07,Invoice 711 C1023,AR
JE00020,2025-10-23,1100,2060.95,0.00,Invoice 263 C1008,AR
JE00020,2025-10-23,4000,0.00,2060.95,Invoice 263 C1008,AR
JE00021,2025-10-23,1100,4479.29,0.00,Invoice 278 C1008,AR
JE00021,2025-10-23,4000,0.00,4479.29,Invoice 278 C1008,AR
JE00022,2025-10-23,1100,3315.33,0.00,Invoice 422 C1013,AR
JE00022,2025-10-23,4000,0.00,3315.33,Invoice 422 C1013,AR
JE00023,2025-10-23,1100,4402.63,0.00,Invoice 470 C1014,AR
JE00023,2025-10-23,4000,0.00,4402.63,Invoice 470 C1014,AR
JE00024,2025-10-23,1100,3406.12,0.00,Invoice 508 C1016,AR
JE00024,2025-10-23,4000,0.00,3406.12,Invoice 508 C1016,AR
JE00025,2025-10-23,1100,2290.10,0.00,Invoice 617 C1019,AR
JE00025,2025-10-23,4000,0.00,2290.10,Invoice 617 C1019,AR
JE00026,2025-10-23,1100,4032.11,0.00,Invoice 672 C1021,AR
JE00026,2025-10-23,4000,0.00,4032.11,Invoice 672 C1021,AR
JE00027,2025-10-24,1100,830.65,0.00,Invoice 419 C1013,AR
JE00027,2025-10-24,4000,0.00,830.65,Invoice 419 C1013,AR
JE00028,2025-10-24,1100,1041.87,0.00,Invoice 487 C1015,AR
JE00028,2025-10-24,4000,0.00,1041.87,Invoice 487 C1015,AR
JE00029,2025-10-24,1100,3735.49,0.00,Invoice 513 C1016,AR
JE00029,2025-10-24,4000,0.00,3735.49,Invoice 513 C1016,AR
JE00030,2025-10-24,1100,3158.94,0.00,Invoice 609 C1019,AR
JE00030,2025-10-24,4000,0.00,3158.94,Invoice 609 C1019,AR
JE00031,2025-10-25,1100,4863.20,0.00,Invoice 253 C1008,AR
JE00031,2025-10-25,4000,0.00,4863.20,Invoice 253 C1008,AR
JE00032,2025-10-25,1100,4558.37,0.00,Invoice 569 C1018,AR
JE00032,2025-10-25,4000,0.00,4558.37,Invoice 569 C1018,AR
JE00033,2025-10-25,1100,2506.30,0.00,Invoice 678 C1021,AR
JE00033,2025-10-25,4000,0.00,2506.30,Invoice 678 C1021,AR
JE00034,2025-10-26,1100,3702.15,0.00,Invoice 36 C1000,AR
JE00034,2025-10-26,4000,0.00,3702.15,Invoice 36 C1000,AR
JE00035,2025-10-26,1100,4448.41,0.00,Invoice 110 C1003,AR
JE00035,2025-10-26,4000,0.00,4448.41,Invoice 110 C1003,AR
JE00036,2025-10-27,1100,2165.61,0.00,Invoice 216 C1007,AR
JE00036,2025-10-27,4000,0.00,2165.61,Invoice 216 C1007,AR
JE00037,2025-10-27,1100,524.78,0.00,Invoice 231 C1007,AR
JE00037,2025-10-27,4000,0.00,524.78,Invoice 231 C1007,AR
JE00038,2025-10-27,1100,892.37,0.00,Invoice 256 C1008,AR
JE00038,2025-10-27,4000,0.00,892.37,Invoice 256 C1008,AR
JE00039,2025-10-27,1100,3316.57,0.00,Invoice 317 C1010,AR
JE00039,2025-10-27,4000,0.00,3316.57,Invoice 317 C1010,AR
JE00040,2025-10-27,1100,3451.94,0.00,Invoice 501 C1015,AR
JE00040,2025-10-27,4000,0.00,3451.94,Invoice 501 C1015,AR
JE00041,2025-10-27,1100,1435.40,0.00,Invoice 749 C1024,AR
JE00041,2025-10-27,4000,0.00,1435.40,Invoice 749 C1024,AR
JE00042,2025-10-28,1100,3791.40,0.00,Invoice 106 C1003,AR
JE00042,2025-10-28,4000,0.00,3791.40,Invoice 106 C1003,AR
JE00043,2025-10-28,1100,3610.86,0.00,Invoice 286 C1009,AR
JE00043,2025-10-28,4000,0.00,3610.86,Invoice 286 C1009,AR
JE00044,2025-10-28,1100,3216.58,0.00,Invoice 302 C1009,AR
JE00044,2025-10-28,4000,0.00,3216.58,Invoice 302 C1009,AR
JE00045,2025-10-28,1100,3630.81,0.00,Invoice 628 C1020,AR
JE00045,2025-10-28,4000,0.00,3630.81,Invoice 628 C1020,AR
JE00046,2025-10-29,1100,3191.74,0.00,Invoice 137 C1004,AR
JE00046,2025-10-29,4000,0.00,3191.74,Invoice 137 C1004,AR
JE00047,2025-10-29,1100,4527.52,0.00,Invoice 261 C1008,AR
JE00047,2025-10-29,4000,0.00,4527.52,Invoice 261 C1008,AR
JE00048,2025-10-29,1100,876.93,0.00,Invoice 393 C1012,AR
JE00048,2025-10-29,4000,0.00,876.93,Invoice 393 C1012,AR
JE00049,2025-10-29,1100,542.08,0.00,Invoice 414 C1013,AR
JE00049,2025-10-29,4000,0.00,542.08,Invoice 414 C1013,AR
JE00050,2025-10-29,1100,2212.47,0.00,Invoice 645 C1020,AR
JE00050,2025-10-29,4000,0.00,2212.47,Invoice 645 C1020,AR
JE00051,2025-10-29,1100,3975.26,0.00,Invoice 669 C1021,AR
JE00051,2025-10-29,4000,0.00,3975.26,Invoice 669 C1021,AR
JE00052,2025-10-30,1100,1862.02,0.00,Invoice 291 C1009,AR
JE00052,2025-10-30,4000,0.00,1862.02,Invoice 291 C1009,AR
JE00053,2025-10-30,1100,1609.92,0.00,Invoice 399 C1012,AR
JE00053,2025-10-30,4000,0.00,1609.92,Invoice 399 C1012,AR
JE00054,2025-10-31,1100,954.71,0.00,Invoice 117 C1004,AR
JE00054,2025-10-31,4000,0.00,954.71,Invoice 117 C1004,AR
JE00055,2025-10-31,1100,2481.13,0.00,Invoice 264 C1008,AR
JE00055,2025-10-31,4000,0.00,2481.13,Invoice 264 C1008,AR
JE00056,2025-10-31,1100,1151.76,0.00,Invoice 432 C1013,AR
JE00056,2025-10-31,4000,0.00,1151.76,Invoice 432 C1013,AR
JE00057,2025-10-31,6100,15624.62,0.00,Payroll run,Payroll
JE00057,2025-10-31,6110,8576.92,0.00,Payroll run,Payroll
JE00057,2025-10-31,6120,8769.23,0.00,Payroll run,Payroll
JE00057,2025-10-31,6130,9000.00,0.00,Payroll run,Payroll
JE00057,2025-10-31,6160,3567.52,0.00,Payroll run,Payroll
JE00057,2025-10-31,1000,0.00,45538.29,Payroll run,Payroll
JE00058,2025-10-31,6170,7900.00,0.00,Employee benefits,Payroll
JE00058,2025-10-31,1000,0.00,7900.00,Employee benefits,Payroll
JE00059,2025-10-31,6800,4200.00,0.00,Monthly depreciation,Depreciation
JE00059,2025-10-31,1590,0.00,4200.00,Monthly depreciation,Depreciation
JE00060,2025-11-01,1100,4039.00,0.00,Invoice 29 C1000,AR
JE00060,2025-11-01,4000,0.00,4039.00,Invoice 29 C1000,AR
JE00061,2025-11-01,1100,4117.35,0.00,Invoice 95 C1003,AR
JE00061,2025-11-01,4000,0.00,4117.35,Invoice 95 C1003,AR
JE00062,2025-11-01,1100,4589.98,0.00,Invoice 121 C1004,AR
JE00062,2025-11-01,4000,0.00,4589.98,Invoice 121 C1004,AR
JE00063,2025-11-01,1100,3129.93,0.00,Invoice 142 C1004,AR
JE00063,2025-11-01,4000,0.00,3129.93,Invoice 142 C1004,AR
JE00064,2025-11-01,1100,2016.90,0.00,Invoice 262 C1008,AR
JE00064,2025-11-01,4000,0.00,2016.90,Invoice 262 C1008,AR
JE00065,2025-11-01,1100,876.49,0.00,Invoice 346 C1011,AR
JE00065,2025-11-01,4000,0.00,876.49,Invoice 346 C1011,AR
JE00066,2025-11-01,1100,1836.33,0.00,Invoice 420 C1013,AR
JE00066,2025-11-01,4000,0.00,1836.33,Invoice 420 C1013,AR
JE00067,2025-11-01,1100,1273.64,0.00,Invoice 739 C1024,AR
JE00067,2025-11-01,4000,0.00,1273.64,Invoice 739 C1024,AR
JE00068,2025-11-02,1100,4493.52,0.00,Invoice 537 C1017,AR
JE00068,2025-11-02,4000,0.00,4493.52,Invoice 537 C1017,AR
JE00069,2025-11-02,1100,2652.50,0.00,Invoice 613 C1019,AR
JE00069,2025-11-02,4000,0.00,2652.50,Invoice 613 C1019,AR
JE00070,2025-11-03,1100,3169.33,0.00,Invoice 20 C1000,AR
JE00070,2025-11-03,4000,0.00,3169.33,Invoice 20 C1000,AR
JE00071,2025-11-03,1100,2176.85,0.00,Invoice 361 C1011,AR
JE00071,2025-11-03,4000,0.00,2176.85,Invoice 361 C1011,AR
JE00072,2025-11-03,1100,3754.55,0.00,Invoice 413 C1013,AR
JE00072,2025-11-03,4000,0.00,3754.55,Invoice 413 C1013,AR
JE00073,2025-11-03,1100,4279.12,0.00,Invoice 570 C1018,AR
JE00073,2025-11-03,4000,0.00,4279.12,Invoice 570 C1018,AR
JE00074,2025-11-03,1100,2483.53,0.00,Invoice 594 C1019,AR
JE00074,2025-11-03,4000,0.00,2483.53,Invoice 594 C1019,AR
JE00075,2025-11-03,1100,2435.22,0.00,Invoice 653 C1021,AR
JE00075,2025-11-03,4000,0.00,2435.22,Invoice 653 C1021,AR
JE00076,2025-11-04,1100,4581.23,0.00,Invoice 108 C1003,AR
JE00076,2025-11-04,4000,0.00,4581.23,Invoice 108 C1003,AR
JE00077,2025-11-04,1100,3441.01,0.00,Invoice 336 C1010,AR
JE00077,2025-11-04,4000,0.00,3441.01,Invoice 336 C1010,AR
JE00078,2025-11-04,1100,1295.51,0.00,Invoice 381 C1011,AR
JE00078,2025-11-04,4000,0.00,1295.51,Invoice 381 C1011,AR
JE00079,2025-11-04,1100,767.27,0.00,Invoice 529 C1016,AR
JE00079,2025-11-04,4000,0.00,767.27,Invoice 529 C1016,AR
JE00080,2025-11-04,1100,1941.13,0.00,Invoice 571 C1018,AR
JE00080,2025-11-04,4000,0.00,1941.13,Invoice 571 C1018,AR
JE00081,2025-11-04,1100,508.27,0.00,Invoice 643 C1020,AR
JE00081,2025-11-04,4000,0.00,508.27,Invoice 643 C1020,AR
JE00082,2025-11-04,1100,678.10,0.00,Invoice 664 C1021,AR
JE00082,2025-11-04,4000,0.00,678.10,Invoice 664 C1021,AR
JE00083,2025-11-05,1100,1590.08,0.00,Invoice 125 C1004,AR
JE00083,2025-11-05,4000,0.00,1590.08,Invoice 125 C1004,AR
JE00084,2025-11-05,1100,2792.15,0.00,Invoice 268 C1008,AR
JE00084,2025-11-05,4000,0.00,2792.15,Invoice 268 C1008,AR
JE00085,2025-11-05,1100,4042.08,0.00,Invoice 388 C1012,AR
JE00085,2025-11-05,4000,0.00,4042.08,Invoice 388 C1012,AR
JE00086,2025-11-05,1100,3036.26,0.00,Invoice 425 C1013,AR
JE00086,2025-11-05,4000,0.00,3036.26,Invoice 425 C1013,AR
JE00087,2025-11-05,1100,690.01,0.00,Invoice 441 C1014,AR
JE00087,2025-11-05,4000,0.00,690.01,Invoice 441 C1014,AR
JE00088,2025-11-05,1100,3865.58,0.00,Invoice 450 C1014,AR
JE00088,2025-11-05,4000,0.00,3865.58,Invoice 450 C1014,AR
JE00089,2025-11-05,1100,1651.57,0.00,Invoice 514 C1016,AR
JE00089,2025-11-05,4000,0.00,1651.57,Invoice 514 C1016,AR
JE00090,2025-11-06,1100,4007.93,0.00,Invoice 63 C1002,AR
JE00090,2025-11-06,4000,0.00,4007.93,Invoice 63 C1002,AR
JE00091,2025-11-06,1100,545.58,0.00,Invoice 146 C1004,AR
JE00091,2025-11-06,4000,0.00,545.58,Invoice 146 C1004,AR
JE00092,2025-11-06,1100,1001.83,0.00,Invoice 447 C1014,AR
JE00092,2025-11-06,4000,0.00,1001.83,Invoice 447 C1014,AR
JE00093,2025-11-07,1100,2903.25,0.00,Invoice 122 C1004,AR
JE00093,2025-11-07,4000,0.00,2903.25,Invoice 122 C1004,AR
JE00094,2025-11-07,1100,4565.73,0.00,Invoice 267 C1008,AR
JE00094,2025-11-07,4000,0.00,4565.73,Invoice 267 C1008,AR
JE00095,2025-11-07,1100,1153.15,0.00,Invoice 301 C1009,AR
JE00095,2025-11-07,4000,0.00,1153.15,Invoice 301 C1009,AR
JE00096,2025-11-07,1100,3335.08,0.00,Invoice 714 C1023,AR
JE00096,2025-11-07,4000,0.00,3335.08,Invoice 714 C1023,AR
JE00097,2025-11-07,5000,20159.21,0.00,Bill 1 Northwind Components,AP
JE00097,2025-11-07,2000,0.00,20159.21,Bill 1 Northwind Components,AP
JE00098,2025-11-08,1100,1941.13,0.00,Invoice 78 C1003,AR
JE00098,2025-11-08,4000,0.00,1941.13,Invoice 78 C1003,AR
JE00099,2025-11-08,1100,604.78,0.00,Invoice 168 C1005,AR
JE00099,2025-11-08,4000,0.00,604.78,Invoice 168 C1005,AR
JE00100,2025-11-08,1100,3152.00,0.00,Invoice 387 C1012,AR
JE00100,2025-11-08,4000,0.00,3152.00,Invoice 387 C1012,AR
JE00101,2025-11-08,1100,1691.84,0.00,Invoice 635 C1020,AR
JE00101,2025-11-08,4000,0.00,1691.84,Invoice 635 C1020,AR
JE00102,2025-11-08,1100,3355.29,0.00,Invoice 650 C1021,AR
JE00102,2025-11-08,4000,0.00,3355.29,Invoice 650 C1021,AR
JE00103,2025-11-08,5000,16942.05,0.00,Bill 3 Apex Materials,AP
JE00103,2025-11-08,2000,0.00,16942.05,Bill 3 Apex Materials,AP
JE00104,2025-11-08,6220,5539.71,0.00,Bill 5 Bright Accounting Group,AP
JE00104,2025-11-08,2000,0.00,5539.71,Bill 5 Bright Accounting Group,AP
JE00105,2025-11-09,1100,4291.97,0.00,Invoice 534 C1017,AR
JE00105,2025-11-09,4000,0.00,4291.97,Invoice 534 C1017,AR
JE00106,2025-11-09,1100,663.84,0.00,Invoice 541 C1017,AR
JE00106,2025-11-09,4000,0.00,663.84,Invoice 541 C1017,AR
JE00107,2025-11-09,1100,2524.85,0.00,Invoice 542 C1017,AR
JE00107,2025-11-09,4000,0.00,2524.85,Invoice 542 C1017,AR
JE00108,2025-11-09,1100,2636.45,0.00,Invoice 699 C1022,AR
JE00108,2025-11-09,4000,0.00,2636.45,Invoice 699 C1022,AR
JE00109,2025-11-09,5000,8896.71,0.00,Bill 6 Harbor Freight & Logistics,AP
JE00109,2025-11-09,2000,0.00,8896.71,Bill 6 Harbor Freight & Logistics,AP
JE00110,2025-11-09,6230,8135.66,0.00,Bill 8 Evergreen Insurance,AP
JE00110,2025-11-09,2000,0.00,8135.66,Bill 8 Evergreen Insurance,AP
JE00111,2025-11-10,1100,2394.56,0.00,Invoice 73 C1002,AR
JE00111,2025-11-10,4000,0.00,2394.56,Invoice 73 C1002,AR
JE00112,2025-11-10,1100,4708.25,0.00,Invoice 187 C1006,AR
JE00112,2025-11-10,4000,0.00,4708.25,Invoice 187 C1006,AR
JE00113,2025-11-10,1100,2179.10,0.00,Invoice 523 C1016,AR
JE00113,2025-11-10,4000,0.00,2179.10,Invoice 523 C1016,AR
JE00114,2025-11-10,1100,2439.54,0.00,Invoice 603 C1019,AR
JE00114,2025-11-10,4000,0.00,2439.54,Invoice 603 C1019,AR
JE00115,2025-11-10,1100,521.59,0.00,Invoice 671 C1021,AR
JE00115,2025-11-10,4000,0.00,521.59,Invoice 671 C1021,AR
JE00116,2025-11-10,5000,11072.94,0.00,Bill 9 Summit Contract Labor,AP
JE00116,2025-11-10,2000,0.00,11072.94,Bill 9 Summit Contract Labor,AP
JE00117,2025-11-10,6240,12498.31,0.00,Bill 11 Pioneer Marketing Co,AP
JE00117,2025-11-10,2000,0.00,12498.31,Bill 11 Pioneer Marketing Co,AP
JE00118,2025-11-10,7000,2976.80,0.00,Term loan payment,Loan
JE00118,2025-11-10,2500,6023.20,0.00,Term loan payment,Loan
JE00118,2025-11-10,1000,0.00,9000.00,Term loan payment,Loan
JE00119,2025-11-11,1100,3908.39,0.00,Invoice 127 C1004,AR
JE00119,2025-11-11,4000,0.00,3908.39,Invoice 127 C1004,AR
JE00120,2025-11-11,1100,2665.19,0.00,Invoice 204 C1006,AR
JE00120,2025-11-11,4000,0.00,2665.19,Invoice 204 C1006,AR
JE00121,2025-11-11,1100,597.08,0.00,Invoice 334 C1010,AR
JE00121,2025-11-11,4000,0.00,597.08,Invoice 334 C1010,AR
JE00122,2025-11-11,1100,2046.21,0.00,Invoice 423 C1013,AR
JE00122,2025-11-11,4000,0.00,2046.21,Invoice 423 C1013,AR
JE00123,2025-11-11,1100,2849.52,0.00,Invoice 578 C1018,AR
JE00123,2025-11-11,4000,0.00,2849.52,Invoice 578 C1018,AR
JE00124,2025-11-11,1100,3863.69,0.00,Invoice 598 C1019,AR
JE00124,2025-11-11,4000,0.00,3863.69,Invoice 598 C1019,AR
JE00125,2025-11-11,1100,3734.51,0.00,Invoice 660 C1021,AR
JE00125,2025-11-11,4000,0.00,3734.51,Invoice 660 C1021,AR
JE00126,2025-11-11,5000,11266.35,0.00,Bill 12 Lakeshore Packaging,AP
JE00126,2025-11-11,2000,0.00,11266.35,Bill 12 Lakeshore Packaging,AP
JE00127,2025-11-11,6250,5013.29,0.00,Bill 13 Delta Equipment Service,AP
JE00127,2025-11-11,2000,0.00,5013.29,Bill 13 Delta Equipment Service,AP
JE00128,2025-11-12,1100,2416.41,0.00,Invoice 141 C1004,AR
JE00128,2025-11-12,4000,0.00,2416.41,Invoice 141 C1004,AR
JE00129,2025-11-12,1100,2496.09,0.00,Invoice 162 C1005,AR
JE00129,2025-11-12,4000,0.00,2496.09,Invoice 162 C1005,AR
JE00130,2025-11-12,1100,1884.92,0.00,Invoice 235 C1007,AR
JE00130,2025-11-12,4000,0.00,1884.92,Invoice 235 C1007,AR
JE00131,2025-11-12,1100,3623.77,0.00,Invoice 272 C1008,AR
JE00131,2025-11-12,4000,0.00,3623.77,Invoice 272 C1008,AR
JE00132,2025-11-12,1100,1138.67,0.00,Invoice 298 C1009,AR
JE00132,2025-11-12,4000,0.00,1138.67,Invoice 298 C1009,AR
JE00133,2025-11-12,1100,2919.01,0.00,Invoice 350 C1011,AR
JE00133,2025-11-12,4000,0.00,2919.01,Invoice 350 C1011,AR
JE00134,2025-11-12,1100,1166.97,0.00,Invoice 396 C1012,AR
JE00134,2025-11-12,4000,0.00,1166.97,Invoice 396 C1012,AR
JE00135,2025-11-12,1100,2241.34,0.00,Invoice 557 C1017,AR
JE00135,2025-11-12,4000,0.00,2241.34,Invoice 557 C1017,AR
JE00136,2025-11-12,6200,5467.88,0.00,Bill 14 Prairie Utilities,AP
JE00136,2025-11-12,2000,0.00,5467.88,Bill 14 Prairie Utilities,AP
JE00137,2025-11-13,1100,4573.48,0.00,Invoice 426 C1013,AR
JE00137,2025-11-13,4000,0.00,4573.48,Invoice 426 C1013,AR
JE00138,2025-11-13,1100,3611.32,0.00,Invoice 502 C1015,AR
JE00138,2025-11-13,4000,0.00,3611.32,Invoice 502 C1015,AR
JE00139,2025-11-13,1100,2852.28,0.00,Invoice 589 C1019,AR
JE00139,2025-11-13,4000,0.00,2852.28,Invoice 589 C1019,AR
JE00140,2025-11-13,6200,10167.06,0.00,Bill 15 Cedar Property Mgmt,AP
JE00140,2025-11-13,2000,0.00,10167.06,Bill 15 Cedar Property Mgmt,AP
JE00141,2025-11-14,1100,3533.69,0.00,Invoice 52 C1001,AR
JE00141,2025-11-14,4000,0.00,3533.69,Invoice 52 C1001,AR
JE00142,2025-11-14,1100,2697.25,0.00,Invoice 324 C1010,AR
JE00142,2025-11-14,4000,0.00,2697.25,Invoice 324 C1010,AR
JE00143,2025-11-14,1100,3407.48,0.00,Invoice 384 C1011,AR
JE00143,2025-11-14,4000,0.00,3407.48,Invoice 384 C1011,AR
JE00144,2025-11-14,1100,3383.46,0.00,Invoice 438 C1014,AR
JE00144,2025-11-14,4000,0.00,3383.46,Invoice 438 C1014,AR
JE00145,2025-11-14,1100,2430.58,0.00,Invoice 611 C1019,AR
JE00145,2025-11-14,4000,0.00,2430.58,Invoice 611 C1019,AR
JE00146,2025-11-14,6210,10064.16,0.00,Bill 17 CloudStack Hosting,AP
JE00146,2025-11-14,2000,0.00,10064.16,Bill 17 CloudStack Hosting,AP
JE00147,2025-11-14,6100,15624.62,0.00,Payroll run,Payroll
JE00147,2025-11-14,6110,8576.92,0.00,Payroll run,Payroll
JE00147,2025-11-14,6120,8769.23,0.00,Payroll run,Payroll
JE00147,2025-11-14,6130,9000.00,0.00,Payroll run,Payroll
JE00147,2025-11-14,6160,3567.52,0.00,Payroll run,Payroll
JE00147,2025-11-14,1000,0.00,45538.29,Payroll run,Payroll
JE00148,2025-11-15,1100,2573.84,0.00,Invoice 50 C1001,AR
JE00148,2025-11-15,4000,0.00,2573.84,Invoice 50 C1001,AR
JE00149,2025-11-15,1100,1070.41,0.00,Invoice 477 C1015,AR
JE00149,2025-11-15,4000,0.00,1070.41,Invoice 477 C1015,AR
JE00150,2025-11-15,1100,3513.83,0.00,Invoice 506 C1015,AR
JE00150,2025-11-15,4000,0.00,3513.83,Invoice 506 C1015,AR
JE00151,2025-11-15,1100,3633.74,0.00,Invoice 516 C1016,AR
JE00151,2025-11-15,4000,0.00,3633.74,Invoice 516 C1016,AR
JE00152,2025-11-15,1100,2017.40,0.00,Invoice 527 C1016,AR
JE00152,2025-11-15,4000,0.00,2017.40,Invoice 527 C1016,AR
JE00153,2025-11-15,1100,4597.23,0.00,Invoice 624 C1019,AR
JE00153,2025-11-15,4000,0.00,4597.23,Invoice 624 C1019,AR
JE00154,2025-11-15,6210,7638.08,0.00,Bill 18 Orbit SaaS Suite,AP
JE00154,2025-11-15,2000,0.00,7638.08,Bill 18 Orbit SaaS Suite,AP
JE00155,2025-11-16,1100,2904.32,0.00,Invoice 69 C1002,AR
JE00155,2025-11-16,4000,0.00,2904.32,Invoice 69 C1002,AR
JE00156,2025-11-16,1100,2201.22,0.00,Invoice 369 C1011,AR
JE00156,2025-11-16,4000,0.00,2201.22,Invoice 369 C1011,AR
JE00157,2025-11-16,1100,2283.35,0.00,Invoice 383 C1011,AR
JE00157,2025-11-16,4000,0.00,2283.35,Invoice 383 C1011,AR
JE00158,2025-11-16,1100,1529.75,0.00,Invoice 713 C1023,AR
JE00158,2025-11-16,4000,0.00,1529.75,Invoice 713 C1023,AR
JE00159,2025-11-16,1100,880.08,0.00,Invoice 722 C1023,AR
JE00159,2025-11-16,4000,0.00,880.08,Invoice 722 C1023,AR
JE00160,2025-11-16,1100,4664.97,0.00,Invoice 736 C1024,AR
JE00160,2025-11-16,4000,0.00,4664.97,Invoice 736 C1024,AR
JE00161,2025-11-16,6220,9888.59,0.00,Bill 19 Meridian Legal LLP,AP
JE00161,2025-11-16,2000,0.00,9888.59,Bill 19 Meridian Legal LLP,AP
JE00162,2025-11-17,1100,4740.31,0.00,Invoice 304 C1009,AR
JE00162,2025-11-17,4000,0.00,4740.31,Invoice 304 C1009,AR
JE00163,2025-11-17,1100,4783.86,0.00,Invoice 310 C1010,AR
JE00163,2025-11-17,4000,0.00,4783.86,Invoice 310 C1010,AR
JE00164,2025-11-17,1100,4238.23,0.00,Invoice 522 C1016,AR
JE00164,2025-11-17,4000,0.00,4238.23,Invoice 522 C1016,AR
JE00165,2025-11-17,1100,3185.92,0.00,Invoice 618 C1019,AR
JE00165,2025-11-17,4000,0.00,3185.92,Invoice 618 C1019,AR
JE00166,2025-11-18,1100,4649.85,0.00,Invoice 11 C1000,AR
JE00166,2025-11-18,4000,0.00,4649.85,Invoice 11 C1000,AR
JE00167,2025-11-18,1100,3815.27,0.00,Invoice 154 C1005,AR
JE00167,2025-11-18,4000,0.00,3815.27,Invoice 154 C1005,AR
JE00168,2025-11-18,1100,1713.92,0.00,Invoice 155 C1005,AR
JE00168,2025-11-18,4000,0.00,1713.92,Invoice 155 C1005,AR
JE00169,2025-11-18,1100,3652.48,0.00,Invoice 458 C1014,AR
JE00169,2025-11-18,4000,0.00,3652.48,Invoice 458 C1014,AR
JE00170,2025-11-18,1100,2562.70,0.00,Invoice 680 C1021,AR
JE00170,2025-11-18,4000,0.00,2562.70,Invoice 680 C1021,AR
JE00171,2025-11-18,5000,17549.53,0.00,Bill 2 Northwind Components,AP
JE00171,2025-11-18,2000,0.00,17549.53,Bill 2 Northwind Components,AP
JE00172,2025-11-19,1100,1548.88,0.00,Invoice 9 C1000,AR
JE00172,2025-11-19,4000,0.00,1548.88,Invoice 9 C1000,AR
JE00173,2025-11-19,1100,4404.00,0.00,Invoice 89 C1003,AR
JE00173,2025-11-19,4000,0.00,4404.00,Invoice 89 C1003,AR
JE00174,2025-11-19,1100,2762.90,0.00,Invoice 371 C1011,AR
JE00174,2025-11-19,4000,0.00,2762.90,Invoice 371 C1011,AR
JE00175,2025-11-19,1100,4764.43,0.00,Invoice 385 C1012,AR
JE00175,2025-11-19,4000,0.00,4764.43,Invoice 385 C1012,AR
JE00176,2025-11-19,1100,4873.15,0.00,Invoice 651 C1021,AR
JE00176,2025-11-19,4000,0.00,4873.15,Invoice 651 C1021,AR
JE00177,2025-11-19,5000,13619.69,0.00,Bill 4 Apex Materials,AP
JE00177,2025-11-19,2000,0.00,13619.69,Bill 4 Apex Materials,AP
JE00178,2025-11-20,5000,7514.12,0.00,Bill 7 Harbor Freight & Logistics,AP
JE00178,2025-11-20,2000,0.00,7514.12,Bill 7 Harbor Freight & Logistics,AP
JE00179,2025-11-21,1100,4245.10,0.00,Invoice 42 C1001,AR
JE00179,2025-11-21,4000,0.00,4245.10,Invoice 42 C1001,AR
JE00180,2025-11-21,1100,3565.93,0.00,Invoice 220 C1007,AR
JE00180,2025-11-21,4000,0.00,3565.93,Invoice 220 C1007,AR
JE00181,2025-11-21,1100,3402.72,0.00,Invoice 233 C1007,AR
JE00181,2025-11-21,4000,0.00,3402.72,Invoice 233 C1007,AR
JE00182,2025-11-21,1100,2134.14,0.00,Invoice 296 C1009,AR
JE00182,2025-11-21,4000,0.00,2134.14,Invoice 296 C1009,AR
JE00183,2025-11-21,1100,4117.38,0.00,Invoice 331 C1010,AR
JE00183,2025-11-21,4000,0.00,4117.38,Invoice 331 C1010,AR
JE00184,2025-11-21,1100,833.75,0.00,Invoice 355 C1011,AR
JE00184,2025-11-21,4000,0.00,833.75,Invoice 355 C1011,AR
JE00185,2025-11-21,1100,4781.80,0.00,Invoice 605 C1019,AR
JE00185,2025-11-21,4000,0.00,4781.80,Invoice 605 C1019,AR
JE00186,2025-11-21,1100,2789.68,0.00,Invoice 738 C1024,AR
JE00186,2025-11-21,4000,0.00,2789.68,Invoice 738 C1024,AR
JE00187,2025-11-21,5000,10225.74,0.00,Bill 10 Summit Contract Labor,AP
JE00187,2025-11-21,2000,0.00,10225.74,Bill 10 Summit Contract Labor,AP
JE00188,2025-11-22,1100,4640.39,0.00,Invoice 22 C1000,AR
JE00188,2025-11-22,4000,0.00,4640.39,Invoice 22 C1000,AR
JE00189,2025-11-22,1100,4404.26,0.00,Invoice 81 C1003,AR
JE00189,2025-11-22,4000,0.00,4404.26,Invoice 81 C1003,AR
JE00190,2025-11-22,1100,757.04,0.00,Invoice 180 C1005,AR
JE00190,2025-11-22,4000,0.00,757.04,Invoice 180 C1005,AR
JE00191,2025-11-22,1100,4728.32,0.00,Invoice 234 C1007,AR
JE00191,2025-11-22,4000,0.00,4728.32,Invoice 234 C1007,AR
JE00192,2025-11-22,1100,3839.21,0.00,Invoice 434 C1013,AR
JE00192,2025-11-22,4000,0.00,3839.21,Invoice 434 C1013,AR
JE00193,2025-11-22,1100,4051.70,0.00,Invoice 495 C1015,AR
JE00193,2025-11-22,4000,0.00,4051.70,Invoice 495 C1015,AR
JE00194,2025-11-22,1100,4456.69,0.00,Invoice 622 C1019,AR
JE00194,2025-11-22,4000,0.00,4456.69,Invoice 622 C1019,AR
JE00195,2025-11-22,1100,1674.34,0.00,Invoice 692 C1022,AR
JE00195,2025-11-22,4000,0.00,1674.34,Invoice 692 C1022,AR
JE00196,2025-11-22,1100,2951.17,0.00,Invoice 742 C1024,AR
JE00196,2025-11-22,4000,0.00,2951.17,Invoice 742 C1024,AR
JE00197,2025-11-22,2000,11072.94,0.00,Payment bill 9 Summit Contract Labor,AP
JE00197,2025-11-22,1000,0.00,11072.94,Payment bill 9 Summit Contract Labor,AP
JE00198,2025-11-23,1100,2539.89,0.00,Invoice 99 C1003,AR
JE00198,2025-11-23,4000,0.00,2539.89,Invoice 99 C1003,AR
JE00199,2025-11-23,1100,4702.54,0.00,Invoice 290 C1009,AR
JE00199,2025-11-23,4000,0.00,4702.54,Invoice 290 C1009,AR
JE00200,2025-11-23,1100,4709.43,0.00,Invoice 333 C1010,AR
JE00200,2025-11-23,4000,0.00,4709.43,Invoice 333 C1010,AR
JE00201,2025-11-23,1100,4200.56,0.00,Invoice 375 C1011,AR
JE00201,2025-11-23,4000,0.00,4200.56,Invoice 375 C1011,AR
JE00202,2025-11-23,1100,1055.23,0.00,Invoice 559 C1017,AR
JE00202,2025-11-23,4000,0.00,1055.23,Invoice 559 C1017,AR
JE00203,2025-11-23,1100,4584.53,0.00,Invoice 563 C1017,AR
JE00203,2025-11-23,4000,0.00,4584.53,Invoice 563 C1017,AR
JE00204,2025-11-23,1100,4019.46,0.00,Invoice 656 C1021,AR
JE00204,2025-11-23,4000,0.00,4019.46,Invoice 656 C1021,AR
JE00205,2025-11-23,1100,2617.66,0.00,Invoice 666 C1021,AR
JE00205,2025-11-23,4000,0.00,2617.66,Invoice 666 C1021,AR
JE00206,2025-11-24,1100,1555.88,0.00,Invoice 59 C1002,AR
JE00206,2025-11-24,4000,0.00,1555.88,Invoice 59 C1002,AR
JE00207,2025-11-24,1100,649.34,0.00,Invoice 196 C1006,AR
JE00207,2025-11-24,4000,0.00,649.34,Invoice 196 C1006,AR
JE00208,2025-11-24,1100,1867.15,0.00,Invoice 474 C1014,AR
JE00208,2025-11-24,4000,0.00,1867.15,Invoice 474 C1014,AR
JE00209,2025-11-24,6200,9817.30,0.00,Bill 16 Cedar Property Mgmt,AP
JE00209,2025-11-24,2000,0.00,9817.30,Bill 16 Cedar Property Mgmt,AP
JE00210,2025-11-25,1100,1497.61,0.00,Invoice 8 C1000,AR
JE00210,2025-11-25,4000,0.00,1497.61,Invoice 8 C1000,AR
JE00211,2025-11-25,1100,2474.48,0.00,Invoice 124 C1004,AR
JE00211,2025-11-25,4000,0.00,2474.48,Invoice 124 C1004,AR
JE00212,2025-11-25,1100,1388.13,0.00,Invoice 140 C1004,AR
JE00212,2025-11-25,4000,0.00,1388.13,Invoice 140 C1004,AR
JE00213,2025-11-25,1100,1401.13,0.00,Invoice 417 C1013,AR
JE00213,2025-11-25,4000,0.00,1401.13,Invoice 417 C1013,AR
JE00214,2025-11-25,1100,2578.02,0.00,Invoice 585 C1018,AR
JE00214,2025-11-25,4000,0.00,2578.02,Invoice 585 C1018,AR
JE00215,2025-11-25,1100,1872.99,0.00,Invoice 631 C1020,AR
JE00215,2025-11-25,4000,0.00,1872.99,Invoice 631 C1020,AR
JE00216,2025-11-26,1100,1714.95,0.00,Invoice 198 C1006,AR
JE00216,2025-11-26,4000,0.00,1714.95,Invoice 198 C1006,AR
JE00217,2025-11-26,1100,534.14,0.00,Invoice 595 C1019,AR
JE00217,2025-11-26,4000,0.00,534.14,Invoice 595 C1019,AR
JE00218,2025-11-27,1100,4279.78,0.00,Invoice 18 C1000,AR
JE00218,2025-11-27,4000,0.00,4279.78,Invoice 18 C1000,AR
JE00219,2025-11-27,1100,2754.76,0.00,Invoice 210 C1007,AR
JE00219,2025-11-27,4000,0.00,2754.76,Invoice 210 C1007,AR
JE00220,2025-11-27,1100,4058.95,0.00,Invoice 389 C1012,AR
JE00220,2025-11-27,4000,0.00,4058.95,Invoice 389 C1012,AR
JE00221,2025-11-27,1100,2138.26,0.00,Invoice 599 C1019,AR
JE00221,2025-11-27,4000,0.00,2138.26,Invoice 599 C1019,AR
JE00222,2025-11-27,1100,2209.38,0.00,Invoice 606 C1019,AR
JE00222,2025-11-27,4000,0.00,2209.38,Invoice 606 C1019,AR
JE00223,2025-11-28,1100,2528.80,0.00,Invoice 43 C1001,AR
JE00223,2025-11-28,4000,0.00,2528.80,Invoice 43 C1001,AR
JE00224,2025-11-28,1100,2206.74,0.00,Invoice 281 C1008,AR
JE00224,2025-11-28,4000,0.00,2206.74,Invoice 281 C1008,AR
JE00225,2025-11-28,1100,1102.80,0.00,Invoice 367 C1011,AR
JE00225,2025-11-28,4000,0.00,1102.80,Invoice 367 C1011,AR
JE00226,2025-11-28,1100,1099.64,0.00,Invoice 406 C1013,AR
JE00226,2025-11-28,4000,0.00,1099.64,Invoice 406 C1013,AR
JE00227,2025-11-28,1100,1352.29,0.00,Invoice 587 C1019,AR
JE00227,2025-11-28,4000,0.00,1352.29,Invoice 587 C1019,AR
JE00228,2025-11-28,1100,732.52,0.00,Invoice 697 C1022,AR
JE00228,2025-11-28,4000,0.00,732.52,Invoice 697 C1022,AR
JE00229,2025-11-28,1100,4870.67,0.00,Invoice 733 C1024,AR
JE00229,2025-11-28,4000,0.00,4870.67,Invoice 733 C1024,AR
JE00230,2025-11-28,6100,15624.62,0.00,Payroll run,Payroll
JE00230,2025-11-28,6110,8576.92,0.00,Payroll run,Payroll
JE00230,2025-11-28,6120,8769.23,0.00,Payroll run,Payroll
JE00230,2025-11-28,6130,9000.00,0.00,Payroll run,Payroll
JE00230,2025-11-28,6160,3567.52,0.00,Payroll run,Payroll
JE00230,2025-11-28,1000,0.00,45538.29,Payroll run,Payroll
JE00231,2025-11-29,1100,4141.13,0.00,Invoice 25 C1000,AR
JE00231,2025-11-29,4000,0.00,4141.13,Invoice 25 C1000,AR
JE00232,2025-11-29,1100,4492.36,0.00,Invoice 232 C1007,AR
JE00232,2025-11-29,4000,0.00,4492.36,Invoice 232 C1007,AR
JE00233,2025-11-29,1100,1792.75,0.00,Invoice 245 C1008,AR
JE00233,2025-11-29,4000,0.00,1792.75,Invoice 245 C1008,AR
JE00234,2025-11-29,1100,4223.09,0.00,Invoice 359 C1011,AR
JE00234,2025-11-29,4000,0.00,4223.09,Invoice 359 C1011,AR
JE00235,2025-11-29,1100,1855.95,0.00,Invoice 404 C1013,AR
JE00235,2025-11-29,4000,0.00,1855.95,Invoice 404 C1013,AR
JE00236,2025-11-29,1100,910.91,0.00,Invoice 717 C1023,AR
JE00236,2025-11-29,4000,0.00,910.91,Invoice 717 C1023,AR
JE00237,2025-11-29,1100,1391.80,0.00,Invoice 730 C1023,AR
JE00237,2025-11-29,4000,0.00,1391.80,Invoice 730 C1023,AR
JE00238,2025-11-30,1100,994.41,0.00,Invoice 292 C1009,AR
JE00238,2025-11-30,4000,0.00,994.41,Invoice 292 C1009,AR
JE00239,2025-11-30,1100,2393.87,0.00,Invoice 397 C1012,AR
JE00239,2025-11-30,4000,0.00,2393.87,Invoice 397 C1012,AR
JE00240,2025-11-30,1000,3315.33,0.00,Payment invoice 422 C1013,AR
JE00240,2025-11-30,1100,0.00,3315.33,Payment invoice 422 C1013,AR
JE00241,2025-11-30,1100,2791.68,0.00,Invoice 494 C1015,AR
JE00241,2025-11-30,4000,0.00,2791.68,Invoice 494 C1015,AR
JE00242,2025-11-30,6170,7900.00,0.00,Employee benefits,Payroll
JE00242,2025-11-30,1000,0.00,7900.00,Employee benefits,Payroll
JE00243,2025-11-30,6800,4200.00,0.00,Monthly depreciation,Depreciation
JE00243,2025-11-30,1590,0.00,4200.00,Monthly depreciation,Depreciation
JE00244,2025-12-01,1100,2270.09,0.00,Invoice 15 C1000,AR
JE00244,2025-12-01,4000,0.00,2270.09,Invoice 15 C1000,AR
JE00245,2025-12-01,1100,2749.10,0.00,Invoice 54 C1001,AR
JE00245,2025-12-01,4000,0.00,2749.10,Invoice 54 C1001,AR
JE00246,2025-12-01,1100,1050.98,0.00,Invoice 411 C1013,AR
JE00246,2025-12-01,4000,0.00,1050.98,Invoice 411 C1013,AR
JE00247,2025-12-01,1100,932.13,0.00,Invoice 548 C1017,AR
JE00247,2025-12-01,4000,0.00,932.13,Invoice 548 C1017,AR
JE00248,2025-12-02,1100,4713.98,0.00,Invoice 13 C1000,AR
JE00248,2025-12-02,4000,0.00,4713.98,Invoice 13 C1000,AR
JE00249,2025-12-02,1000,1612.84,0.00,Payment invoice 97 C1003,AR
JE00249,2025-12-02,1100,0.00,1612.84,Payment invoice 97 C1003,AR
JE00250,2025-12-02,1100,4113.70,0.00,Invoice 343 C1010,AR
JE00250,2025-12-02,4000,0.00,4113.70,Invoice 343 C1010,AR
JE00251,2025-12-02,1100,4635.97,0.00,Invoice 394 C1012,AR
JE00251,2025-12-02,4000,0.00,4635.97,Invoice 394 C1012,AR
JE00252,2025-12-02,1100,3321.69,0.00,Invoice 486 C1015,AR
JE00252,2025-12-02,4000,0.00,3321.69,Invoice 486 C1015,AR
JE00253,2025-12-02,1100,935.91,0.00,Invoice 604 C1019,AR
JE00253,2025-12-02,4000,0.00,935.91,Invoice 604 C1019,AR
JE00254,2025-12-02,1100,1646.33,0.00,Invoice 721 C1023,AR
JE00254,2025-12-02,4000,0.00,1646.33,Invoice 721 C1023,AR
JE00255,2025-12-03,1100,2631.97,0.00,Invoice 37 C1000,AR
JE00255,2025-12-03,4000,0.00,2631.97,Invoice 37 C1000,AR
JE00256,2025-12-03,1100,3171.28,0.00,Invoice 175 C1005,AR
JE00256,2025-12-03,4000,0.00,3171.28,Invoice 175 C1005,AR
JE00257,2025-12-03,1100,2154.58,0.00,Invoice 270 C1008,AR
JE00257,2025-12-03,4000,0.00,2154.58,Invoice 270 C1008,AR
JE00258,2025-12-03,1100,2289.53,0.00,Invoice 521 C1016,AR
JE00258,2025-12-03,4000,0.00,2289.53,Invoice 521 C1016,AR
JE00259,2025-12-03,1100,3166.01,0.00,Invoice 581 C1018,AR
JE00259,2025-12-03,4000,0.00,3166.01,Invoice 581 C1018,AR
JE00260,2025-12-03,1100,2883.92,0.00,Invoice 629 C1020,AR
JE00260,2025-12-03,4000,0.00,2883.92,Invoice 629 C1020,AR
JE00261,2025-12-03,2000,5467.88,0.00,Payment bill 14 Prairie Utilities,AP
JE00261,2025-12-03,1000,0.00,5467.88,Payment bill 14 Prairie Utilities,AP
JE00262,2025-12-04,1100,969.91,0.00,Invoice 53 C1001,AR
JE00262,2025-12-04,4000,0.00,969.91,Invoice 53 C1001,AR
JE00263,2025-12-04,1000,1279.59,0.00,Payment invoice 92 C1003,AR
JE00263,2025-12-04,1100,0.00,1279.59,Payment invoice 92 C1003,AR
JE00264,2025-12-04,1100,4678.73,0.00,Invoice 167 C1005,AR
JE00264,2025-12-04,4000,0.00,4678.73,Invoice 167 C1005,AR
JE00265,2025-12-04,1100,3667.66,0.00,Invoice 169 C1005,AR
JE00265,2025-12-04,4000,0.00,3667.66,Invoice 169 C1005,AR
JE00266,2025-12-04,1100,4781.69,0.00,Invoice 560 C1017,AR
JE00266,2025-12-04,4000,0.00,4781.69,Invoice 560 C1017,AR
JE00267,2025-12-04,1100,4877.24,0.00,Invoice 620 C1019,AR
JE00267,2025-12-04,4000,0.00,4877.24,Invoice 620 C1019,AR
JE00268,2025-12-04,1100,3404.45,0.00,Invoice 647 C1020,AR
JE00268,2025-12-04,4000,0.00,3404.45,Invoice 647 C1020,AR
JE00269,2025-12-04,2000,16942.05,0.00,Payment bill 3 Apex Materials,AP
JE00269,2025-12-04,1000,0.00,16942.05,Payment bill 3 Apex Materials,AP
JE00270,2025-12-04,2000,10225.74,0.00,Payment bill 10 Summit Contract Labor,AP
JE00270,2025-12-04,1000,0.00,10225.74,Payment bill 10 Summit Contract Labor,AP
JE00271,2025-12-05,1100,4772.06,0.00,Invoice 247 C1008,AR
JE00271,2025-12-05,4000,0.00,4772.06,Invoice 247 C1008,AR
JE00272,2025-12-05,1000,3754.55,0.00,Payment invoice 413 C1013,AR
JE00272,2025-12-05,1100,0.00,3754.55,Payment invoice 413 C1013,AR
JE00273,2025-12-05,1100,2776.52,0.00,Invoice 418 C1013,AR
JE00273,2025-12-05,4000,0.00,2776.52,Invoice 418 C1013,AR
JE00274,2025-12-05,1100,4448.12,0.00,Invoice 472 C1014,AR
JE00274,2025-12-05,4000,0.00,4448.12,Invoice 472 C1014,AR
JE00275,2025-12-05,1100,1308.73,0.00,Invoice 558 C1017,AR
JE00275,2025-12-05,4000,0.00,1308.73,Invoice 558 C1017,AR
JE00276,2025-12-05,1100,4107.13,0.00,Invoice 661 C1021,AR
JE00276,2025-12-05,4000,0.00,4107.13,Invoice 661 C1021,AR
JE00277,2025-12-06,1100,3696.25,0.00,Invoice 224 C1007,AR
JE00277,2025-12-06,4000,0.00,3696.25,Invoice 224 C1007,AR
JE00278,2025-12-06,1100,843.86,0.00,Invoice 229 C1007,AR
JE00278,2025-12-06,4000,0.00,843.86,Invoice 229 C1007,AR
JE00279,2025-12-07,1100,3958.86,0.00,Invoice 241 C1007,AR
JE00279,2025-12-07,4000,0.00,3958.86,Invoice 241 C1007,AR
JE00280,2025-12-07,1000,3216.58,0.00,Payment invoice 302 C1009,AR
JE00280,2025-12-07,1100,0.00,3216.58,Payment invoice 302 C1009,AR
JE00281,2025-12-07,2000,8896.71,0.00,Payment bill 6 Harbor Freight & Logistics,AP
JE00281,2025-12-07,1000,0.00,8896.71,Payment bill 6 Harbor Freight & Logistics,AP
JE00282,2025-12-07,5000,19770.00,0.00,Bill 20 Northwind Components,AP
JE00282,2025-12-07,2000,0.00,19770.00,Bill 20 Northwind Components,AP
JE00283,2025-12-08,1100,4804.43,0.00,Invoice 107 C1003,AR
JE00283,2025-12-08,4000,0.00,4804.43,Invoice 107 C1003,AR
JE00284,2025-12-08,1100,3986.17,0.00,Invoice 250 C1008,AR
JE00284,2025-12-08,4000,0.00,3986.17,Invoice 250 C1008,AR
JE00285,2025-12-08,1100,3629.40,0.00,Invoice 269 C1008,AR
JE00285,2025-12-08,4000,0.00,3629.40,Invoice 269 C1008,AR
JE00286,2025-12-08,1100,702.41,0.00,Invoice 339 C1010,AR
JE00286,2025-12-08,4000,0.00,702.41,Invoice 339 C1010,AR
JE00287,2025-12-08,1000,2046.21,0.00,Payment invoice 423 C1013,AR
JE00287,2025-12-08,1100,0.00,2046.21,Payment invoice 423 C1013,AR
JE00288,2025-12-08,1100,537.70,0.00,Invoice 528 C1016,AR
JE00288,2025-12-08,4000,0.00,537.70,Invoice 528 C1016,AR
JE00289,2025-12-08,1100,2774.87,0.00,Invoice 550 C1017,AR
JE00289,2025-12-08,4000,0.00,2774.87,Invoice 550 C1017,AR
JE00290,2025-12-08,5000,14655.22,0.00,Bill 22 Apex Materials,AP
JE00290,2025-12-08,2000,0.00,14655.22,Bill 22 Apex Materials,AP
JE00291,2025-12-08,6220,5273.70,0.00,Bill 24 Bright Accounting Group,AP
JE00291,2025-12-08,2000,0.00,5273.70,Bill 24 Bright Accounting Group,AP
JE00292,2025-12-09,1000,524.78,0.00,Payment invoice 231 C1007,AR
JE00292,2025-12-09,1100,0.00,524.78,Payment invoice 231 C1007,AR
JE00293,2025-12-09,1000,1836.33,0.00,Payment invoice 420 C1013,AR
JE00293,2025-12-09,1100,0.00,1836.33,Payment invoice 420 C1013,AR
JE00294,2025-12-09,1100,1893.83,0.00,Invoice 481 C1015,AR
JE00294,2025-12-09,4000,0.00,1893.83,Invoice 481 C1015,AR
JE00295,2025-12-09,1100,1322.96,0.00,Invoice 496 C1015,AR
JE00295,2025-12-09,4000,0.00,1322.96,Invoice 496 C1015,AR
JE00296,2025-12-09,1000,2212.47,0.00,Payment invoice 645 C1020,AR
JE00296,2025-12-09,1100,0.00,2212.47,Payment invoice 645 C1020,AR
JE00297,2025-12-09,1100,1277.88,0.00,Invoice 689 C1022,AR
JE00297,2025-12-09,4000,0.00,1277.88,Invoice 689 C1022,AR
JE00298,2025-12-09,2000,10167.06,0.00,Payment bill 15 Cedar Property Mgmt,AP
JE00298,2025-12-09,1000,0.00,10167.06,Payment bill 15 Cedar Property Mgmt,AP
JE00299,2025-12-09,5000,9273.04,0.00,Bill 25 Harbor Freight & Logistics,AP
JE00299,2025-12-09,2000,0.00,9273.04,Bill 25 Harbor Freight & Logistics,AP
JE00300,2025-12-09,6230,7411.01,0.00,Bill 27 Evergreen Insurance,AP
JE00300,2025-12-09,2000,0.00,7411.01,Bill 27 Evergreen Insurance,AP
JE00301,2025-12-10,1100,3432.17,0.00,Invoice 2 C1000,AR
JE00301,2025-12-10,4000,0.00,3432.17,Invoice 2 C1000,AR
JE00302,2025-12-10,1000,4448.41,0.00,Payment invoice 110 C1003,AR
JE00302,2025-12-10,1100,0.00,4448.41,Payment invoice 110 C1003,AR
JE00303,2025-12-10,1000,3610.86,0.00,Payment invoice 286 C1009,AR
JE00303,2025-12-10,1100,0.00,3610.86,Payment invoice 286 C1009,AR
JE00304,2025-12-10,1100,4006.13,0.00,Invoice 307 C1009,AR
JE00304,2025-12-10,4000,0.00,4006.13,Invoice 307 C1009,AR
JE00305,2025-12-10,1100,2162.97,0.00,Invoice 322 C1010,AR
JE00305,2025-12-10,4000,0.00,2162.97,Invoice 322 C1010,AR
JE00306,2025-12-10,5000,12612.16,0.00,Bill 28 Summit Contract Labor,AP
JE00306,2025-12-10,2000,0.00,12612.16,Bill 28 Summit Contract Labor,AP
JE00307,2025-12-10,6240,10922.47,0.00,Bill 30 Pioneer Marketing Co,AP
JE00307,2025-12-10,2000,0.00,10922.47,Bill 30 Pioneer Marketing Co,AP
JE00308,2025-12-10,7000,2936.65,0.00,Term loan payment,Loan
JE00308,2025-12-10,2500,6063.35,0.00,Term loan payment,Loan
JE00308,2025-12-10,1000,0.00,9000.00,Term loan payment,Loan
JE00309,2025-12-11,1100,1751.89,0.00,Invoice 547 C1017,AR
JE00309,2025-12-11,4000,0.00,1751.89,Invoice 547 C1017,AR
JE00310,2025-12-11,2000,13619.69,0.00,Payment bill 4 Apex Materials,AP
JE00310,2025-12-11,1000,0.00,13619.69,Payment bill 4 Apex Materials,AP
JE00311,2025-12-11,5000,14706.78,0.00,Bill 31 Lakeshore Packaging,AP
JE00311,2025-12-11,2000,0.00,14706.78,Bill 31 Lakeshore Packaging,AP
JE00312,2025-12-11,6250,4626.47,0.00,Bill 32 Delta Equipment Service,AP
JE00312,2025-12-11,2000,0.00,4626.47,Bill 32 Delta Equipment Service,AP
JE00313,2025-12-12,1100,3203.75,0.00,Invoice 138 C1004,AR
JE00313,2025-12-12,4000,0.00,3203.75,Invoice 138 C1004,AR
JE00314,2025-12-12,1100,1954.77,0.00,Invoice 562 C1017,AR
JE00314,2025-12-12,4000,0.00,1954.77,Invoice 562 C1017,AR
JE00315,2025-12-12,6200,6994.48,0.00,Bill 33 Prairie Utilities,AP
JE00315,2025-12-12,2000,0.00,6994.48,Bill 33 Prairie Utilities,AP
JE00316,2025-12-12,6100,15624.62,0.00,Payroll run,Payroll
JE00316,2025-12-12,6110,8576.92,0.00,Payroll run,Payroll
JE00316,2025-12-12,6120,8769.23,0.00,Payroll run,Payroll
JE00316,2025-12-12,6130,9000.00,0.00,Payroll run,Payroll
JE00316,2025-12-12,6160,3567.52,0.00,Payroll run,Payroll
JE00316,2025-12-12,1000,0.00,45538.29,Payroll run,Payroll
JE00317,2025-12-13,1100,4785.10,0.00,Invoice 10 C1000,AR
JE00317,2025-12-13,4000,0.00,4785.10,Invoice 10 C1000,AR
JE00318,2025-12-13,1100,528.81,0.00,Invoice 230 C1007,AR
JE00318,2025-12-13,4000,0.00,528.81,Invoice 230 C1007,AR
JE00319,2025-12-13,1100,4513.58,0.00,Invoice 430 C1013,AR
JE00319,2025-12-13,4000,0.00,4513.58,Invoice 430 C1013,AR
JE00320,2025-12-13,1100,2447.15,0.00,Invoice 681 C1021,AR
JE00320,2025-12-13,4000,0.00,2447.15,Invoice 681 C1021,AR
JE00321,2025-12-13,1100,4551.86,0.00,Invoice 716 C1023,AR
JE00321,2025-12-13,4000,0.00,4551.86,Invoice 716 C1023,AR
JE00322,2025-12-13,6200,7745.34,0.00,Bill 34 Cedar Property Mgmt,AP
JE00322,2025-12-13,2000,0.00,7745.34,Bill 34 Cedar Property Mgmt,AP
JE00323,2025-12-14,1100,1001.13,0.00,Invoice 80 C1003,AR
JE00323,2025-12-14,4000,0.00,1001.13,Invoice 80 C1003,AR
JE00324,2025-12-14,1000,3791.40,0.00,Payment invoice 106 C1003,AR
JE00324,2025-12-14,1100,0.00,3791.40,Payment invoice 106 C1003,AR
JE00325,2025-12-14,1100,1692.13,0.00,Invoice 658 C1021,AR
JE00325,2025-12-14,4000,0.00,1692.13,Invoice 658 C1021,AR
JE00326,2025-12-14,6210,11379.37,0.00,Bill 36 CloudStack Hosting,AP
JE00326,2025-12-14,2000,0.00,11379.37,Bill 36 CloudStack Hosting,AP
JE00327,2025-12-15,1100,2200.52,0.00,Invoice 172 C1005,AR
JE00327,2025-12-15,4000,0.00,2200.52,Invoice 172 C1005,AR
JE00328,2025-12-15,1000,2165.61,0.00,Payment invoice 216 C1007,AR
JE00328,2025-12-15,1100,0.00,2165.61,Payment invoice 216 C1007,AR
JE00329,2025-12-15,1000,3036.26,0.00,Payment invoice 425 C1013,AR
JE00329,2025-12-15,1100,0.00,3036.26,Payment invoice 425 C1013,AR
JE00330,2025-12-15,1100,1175.22,0.00,Invoice 517 C1016,AR
JE00330,2025-12-15,4000,0.00,1175.22,Invoice 517 C1016,AR
JE00331,2025-12-15,1100,4395.83,0.00,Invoice 724 C1023,AR
JE00331,2025-12-15,4000,0.00,4395.83,Invoice 724 C1023,AR
JE00332,2025-12-15,6210,8430.09,0.00,Bill 37 Orbit SaaS Suite,AP
JE00332,2025-12-15,2000,0.00,8430.09,Bill 37 Orbit SaaS Suite,AP
JE00333,2025-12-16,1100,907.20,0.00,Invoice 84 C1003,AR
JE00333,2025-12-16,4000,0.00,907.20,Invoice 84 C1003,AR
JE00334,2025-12-16,1100,4137.14,0.00,Invoice 98 C1003,AR
JE00334,2025-12-16,4000,0.00,4137.14,Invoice 98 C1003,AR
JE00335,2025-12-16,1100,2856.86,0.00,Invoice 205 C1006,AR
JE00335,2025-12-16,4000,0.00,2856.86,Invoice 205 C1006,AR
JE00336,2025-12-16,1100,1824.12,0.00,Invoice 257 C1008,AR
JE00336,2025-12-16,4000,0.00,1824.12,Invoice 257 C1008,AR
JE00337,2025-12-16,1100,3570.86,0.00,Invoice 297 C1009,AR
JE00337,2025-12-16,4000,0.00,3570.86,Invoice 297 C1009,AR
JE00338,2025-12-16,1000,1742.55,0.00,Payment invoice 448 C1014,AR
JE00338,2025-12-16,1100,0.00,1742.55,Payment invoice 448 C1014,AR
JE00339,2025-12-16,1100,1857.54,0.00,Invoice 556 C1017,AR
JE00339,2025-12-16,4000,0.00,1857.54,Invoice 556 C1017,AR
JE00340,2025-12-16,1100,1948.46,0.00,Invoice 641 C1020,AR
JE00340,2025-12-16,4000,0.00,1948.46,Invoice 641 C1020,AR
JE00341,2025-12-16,1100,1472.02,0.00,Invoice 676 C1021,AR
JE00341,2025-12-16,4000,0.00,1472.02,Invoice 676 C1021,AR
JE00342,2025-12-16,2000,5539.71,0.00,Payment bill 5 Bright Accounting Group,AP
JE00342,2025-12-16,1000,0.00,5539.71,Payment bill 5 Bright Accounting Group,AP
JE00343,2025-12-16,6220,8628.92,0.00,Bill 38 Meridian Legal LLP,AP
JE00343,2025-12-16,2000,0.00,8628.92,Bill 38 Meridian Legal LLP,AP
JE00344,2025-12-17,1100,3730.85,0.00,Invoice 134 C1004,AR
JE00344,2025-12-17,4000,0.00,3730.85,Invoice 134 C1004,AR
JE00345,2025-12-17,1100,3138.20,0.00,Invoice 236 C1007,AR
JE00345,2025-12-17,4000,0.00,3138.20,Invoice 236 C1007,AR
JE00346,2025-12-17,1100,1349.56,0.00,Invoice 377 C1011,AR
JE00346,2025-12-17,4000,0.00,1349.56,Invoice 377 C1011,AR
JE00347,2025-12-17,1100,1175.26,0.00,Invoice 463 C1014,AR
JE00347,2025-12-17,4000,0.00,1175.26,Invoice 463 C1014,AR
JE00348,2025-12-17,1100,3910.99,0.00,Invoice 525 C1016,AR
JE00348,2025-12-17,4000,0.00,3910.99,Invoice 525 C1016,AR
JE00349,2025-12-17,1100,2136.96,0.00,Invoice 538 C1017,AR
JE00349,2025-12-17,4000,0.00,2136.96,Invoice 538 C1017,AR
JE00350,2025-12-17,1100,1669.30,0.00,Invoice 712 C1023,AR
JE00350,2025-12-17,4000,0.00,1669.30,Invoice 712 C1023,AR
JE00351,2025-12-17,2000,12498.31,0.00,Payment bill 11 Pioneer Marketing Co,AP
JE00351,2025-12-17,1000,0.00,12498.31,Payment bill 11 Pioneer Marketing Co,AP
JE00352,2025-12-17,2000,10064.16,0.00,Payment bill 17 CloudStack Hosting,AP
JE00352,2025-12-17,1000,0.00,10064.16,Payment bill 17 CloudStack Hosting,AP
JE00353,2025-12-17,2000,7638.08,0.00,Payment bill 18 Orbit SaaS Suite,AP
JE00353,2025-12-17,1000,0.00,7638.08,Payment bill 18 Orbit SaaS Suite,AP
JE00354,2025-12-18,1000,3735.49,0.00,Payment invoice 513 C1016,AR
JE00354,2025-12-18,1100,0.00,3735.49,Payment invoice 513 C1016,AR
JE00355,2025-12-18,1100,1568.72,0.00,Invoice 524 C1016,AR
JE00355,2025-12-18,4000,0.00,1568.72,Invoice 524 C1016,AR
JE00356,2025-12-18,1000,3158.94,0.00,Payment invoice 609 C1019,AR
JE00356,2025-12-18,1100,0.00,3158.94,Payment invoice 609 C1019,AR
JE00357,2025-12-18,1100,2549.95,0.00,Invoice 616 C1019,AR
JE00357,2025-12-18,4000,0.00,2549.95,Invoice 616 C1019,AR
JE00358,2025-12-18,1000,1691.84,0.00,Payment invoice 635 C1020,AR
JE00358,2025-12-18,1100,0.00,1691.84,Payment invoice 635 C1020,AR
JE00359,2025-12-18,1100,3024.62,0.00,Invoice 752 C1024,AR
JE00359,2025-12-18,4000,0.00,3024.62,Invoice 752 C1024,AR
JE00360,2025-12-18,5000,20567.67,0.00,Bill 21 Northwind Components,AP
JE00360,2025-12-18,2000,0.00,20567.67,Bill 21 Northwind Components,AP
JE00361,2025-12-19,1100,1735.22,0.00,Invoice 293 C1009,AR
JE00361,2025-12-19,4000,0.00,1735.22,Invoice 293 C1009,AR
JE00362,2025-12-19,1100,2992.53,0.00,Invoice 446 C1014,AR
JE00362,2025-12-19,4000,0.00,2992.53,Invoice 446 C1014,AR
JE00363,2025-12-19,1000,767.27,0.00,Payment invoice 529 C1016,AR
JE00363,2025-12-19,1100,0.00,767.27,Payment invoice 529 C1016,AR
JE00364,2025-12-19,1100,1404.07,0.00,Invoice 648 C1020,AR
JE00364,2025-12-19,4000,0.00,1404.07,Invoice 648 C1020,AR
JE00365,2025-12-19,1100,3141.92,0.00,Invoice 753 C1024,AR
JE00365,2025-12-19,4000,0.00,3141.92,Invoice 753 C1024,AR
JE00366,2025-12-19,2000,7514.12,0.00,Payment bill 7 Harbor Freight & Logistics,AP
JE00366,2025-12-19,1000,0.00,7514.12,Payment bill 7 Harbor Freight & Logistics,AP
JE00367,2025-12-19,5000,13583.14,0.00,Bill 23 Apex Materials,AP
JE00367,2025-12-19,2000,0.00,13583.14,Bill 23 Apex Materials,AP
JE00368,2025-12-19,6150,69475.51,0.00,Annual bonuses,Payroll
JE00368,2025-12-19,6160,5905.42,0.00,Annual bonuses,Payroll
JE00368,2025-12-19,1000,0.00,75380.93,Annual bonuses,Payroll
JE00369,2025-12-20,1100,4176.68,0.00,Invoice 40 C1000,AR
JE00369,2025-12-20,4000,0.00,4176.68,Invoice 40 C1000,AR
JE00370,2025-12-20,1100,2918.72,0.00,Invoice 96 C1003,AR
JE00370,2025-12-20,4000,0.00,2918.72,Invoice 96 C1003,AR
JE00371,2025-12-20,1100,2287.58,0.00,Invoice 120 C1004,AR
JE00371,2025-12-20,4000,0.00,2287.58,Invoice 120 C1004,AR
JE00372,2025-12-20,1100,4699.06,0.00,Invoice 160 C1005,AR
JE00372,2025-12-20,4000,0.00,4699.06,Invoice 160 C1005,AR
JE00373,2025-12-20,1100,598.32,0.00,Invoice 223 C1007,AR
JE00373,2025-12-20,4000,0.00,598.32,Invoice 223 C1007,AR
JE00374,2025-12-20,1100,2011.57,0.00,Invoice 246 C1008,AR
JE00374,2025-12-20,4000,0.00,2011.57,Invoice 246 C1008,AR
JE00375,2025-12-20,1100,3193.52,0.00,Invoice 305 C1009,AR
JE00375,2025-12-20,4000,0.00,3193.52,Invoice 305 C1009,AR
JE00376,2025-12-20,1100,2437.79,0.00,Invoice 512 C1016,AR
JE00376,2025-12-20,4000,0.00,2437.79,Invoice 512 C1016,AR
JE00377,2025-12-20,1000,1651.57,0.00,Payment invoice 514 C1016,AR
JE00377,2025-12-20,1100,0.00,1651.57,Payment invoice 514 C1016,AR
JE00378,2025-12-20,2000,9817.30,0.00,Payment bill 16 Cedar Property Mgmt,AP
JE00378,2025-12-20,1000,0.00,9817.30,Payment bill 16 Cedar Property Mgmt,AP
JE00379,2025-12-20,5000,8042.45,0.00,Bill 26 Harbor Freight & Logistics,AP
JE00379,2025-12-20,2000,0.00,8042.45,Bill 26 Harbor Freight & Logistics,AP
JE00380,2025-12-21,1100,764.53,0.00,Invoice 45 C1001,AR
JE00380,2025-12-21,4000,0.00,764.53,Invoice 45 C1001,AR
JE00381,2025-12-21,1100,3224.09,0.00,Invoice 188 C1006,AR
JE00381,2025-12-21,4000,0.00,3224.09,Invoice 188 C1006,AR
JE00382,2025-12-21,1100,2606.32,0.00,Invoice 532 C1017,AR
JE00382,2025-12-21,4000,0.00,2606.32,Invoice 532 C1017,AR
JE00383,2025-12-21,1100,4475.49,0.00,Invoice 549 C1017,AR
JE00383,2025-12-21,4000,0.00,4475.49,Invoice 549 C1017,AR
JE00384,2025-12-21,1100,4790.15,0.00,Invoice 638 C1020,AR
JE00384,2025-12-21,4000,0.00,4790.15,Invoice 638 C1020,AR
JE00385,2025-12-21,5000,10877.71,0.00,Bill 29 Summit Contract Labor,AP
JE00385,2025-12-21,2000,0.00,10877.71,Bill 29 Summit Contract Labor,AP
JE00386,2025-12-22,1000,4581.23,0.00,Payment invoice 108 C1003,AR
JE00386,2025-12-22,1100,0.00,4581.23,Payment invoice 108 C1003,AR
JE00387,2025-12-22,1100,4286.24,0.00,Invoice 202 C1006,AR
JE00387,2025-12-22,4000,0.00,4286.24,Invoice 202 C1006,AR
JE00388,2025-12-22,1000,4863.20,0.00,Payment invoice 253 C1008,AR
JE00388,2025-12-22,1100,0.00,4863.20,Payment invoice 253 C1008,AR
JE00389,2025-12-22,1000,4573.48,0.00,Payment invoice 426 C1013,AR
JE00389,2025-12-22,1100,0.00,4573.48,Payment invoice 426 C1013,AR
JE00390,2025-12-22,1000,4427.77,0.00,Payment invoice 566 C1018,AR
JE00390,2025-12-22,1100,0.00,4427.77,Payment invoice 566 C1018,AR
JE00391,2025-12-23,1100,4257.09,0.00,Invoice 254 C1008,AR
JE00391,2025-12-23,4000,0.00,4257.09,Invoice 254 C1008,AR
JE00392,2025-12-23,1000,2395.36,0.00,Payment invoice 372 C1011,AR
JE00392,2025-12-23,1100,0.00,2395.36,Payment invoice 372 C1011,AR
JE00393,2025-12-23,1100,4672.13,0.00,Invoice 439 C1014,AR
JE00393,2025-12-23,4000,0.00,4672.13,Invoice 439 C1014,AR
JE00394,2025-12-23,1000,508.27,0.00,Payment invoice 643 C1020,AR
JE00394,2025-12-23,1100,0.00,508.27,Payment invoice 643 C1020,AR
JE00395,2025-12-23,1000,2154.07,0.00,Payment invoice 711 C1023,AR
JE00395,2025-12-23,1100,0.00,2154.07,Payment invoice 711 C1023,AR
JE00396,2025-12-23,1100,4438.87,0.00,Invoice 715 C1023,AR
JE00396,2025-12-23,4000,0.00,4438.87,Invoice 715 C1023,AR
JE00397,2025-12-23,1100,1229.01,0.00,Invoice 737 C1024,AR
JE00397,2025-12-23,4000,0.00,1229.01,Invoice 737 C1024,AR
JE00398,2025-12-24,1100,3042.23,0.00,Invoice 48 C1001,AR
JE00398,2025-12-24,4000,0.00,3042.23,Invoice 48 C1001,AR
JE00399,2025-12-24,1100,4893.40,0.00,Invoice 101 C1003,AR
JE00399,2025-12-24,4000,0.00,4893.40,Invoice 101 C1003,AR
JE00400,2025-12-24,1100,1250.14,0.00,Invoice 341 C1010,AR
JE00400,2025-12-24,4000,0.00,1250.14,Invoice 341 C1010,AR
JE00401,2025-12-24,1100,4329.83,0.00,Invoice 507 C1016,AR
JE00401,2025-12-24,4000,0.00,4329.83,Invoice 507 C1016,AR
JE00402,2025-12-24,2000,12612.16,0.00,Payment bill 28 Summit Contract Labor,AP
JE00402,2025-12-24,1000,0.00,12612.16,Payment bill 28 Summit Contract Labor,AP
JE00403,2025-12-24,6200,8586.90,0.00,Bill 35 Cedar Property Mgmt,AP
JE00403,2025-12-24,2000,0.00,8586.90,Bill 35 Cedar Property Mgmt,AP
JE00404,2025-12-25,1100,4432.74,0.00,Invoice 147 C1004,AR
JE00404,2025-12-25,4000,0.00,4432.74,Invoice 147 C1004,AR
JE00405,2025-12-25,1100,2956.65,0.00,Invoice 701 C1022,AR
JE00405,2025-12-25,4000,0.00,2956.65,Invoice 701 C1022,AR
JE00406,2025-12-26,1100,829.37,0.00,Invoice 65 C1002,AR
JE00406,2025-12-26,4000,0.00,829.37,Invoice 65 C1002,AR
JE00407,2025-12-26,1100,3745.78,0.00,Invoice 144 C1004,AR
JE00407,2025-12-26,4000,0.00,3745.78,Invoice 144 C1004,AR
JE00408,2025-12-26,1000,1153.15,0.00,Payment invoice 301 C1009,AR
JE00408,2025-12-26,1100,0.00,1153.15,Payment invoice 301 C1009,AR
JE00409,2025-12-26,1000,3839.21,0.00,Payment invoice 434 C1013,AR
JE00409,2025-12-26,1100,0.00,3839.21,Payment invoice 434 C1013,AR
JE00410,2025-12-26,1100,1038.86,0.00,Invoice 459 C1014,AR
JE00410,2025-12-26,4000,0.00,1038.86,Invoice 459 C1014,AR
JE00411,2025-12-26,6100,15624.62,0.00,Payroll run,Payroll
JE00411,2025-12-26,6110,8576.92,0.00,Payroll run,Payroll
JE00411,2025-12-26,6120,8769.23,0.00,Payroll run,Payroll
JE00411,2025-12-26,6130,9000.00,0.00,Payroll run,Payroll
JE00411,2025-12-26,6160,3567.52,0.00,Payroll run,Payroll
JE00411,2025-12-26,1000,0.00,45538.29,Payroll run,Payroll
JE00412,2025-12-27,1100,2364.41,0.00,Invoice 16 C1000,AR
JE00412,2025-12-27,4000,0.00,2364.41,Invoice 16 C1000,AR
JE00413,2025-12-27,1000,954.71,0.00,Payment invoice 117 C1004,AR
JE00413,2025-12-27,1100,0.00,954.71,Payment invoice 117 C1004,AR
JE00414,2025-12-27,1100,3689.93,0.00,Invoice 295 C1009,AR
JE00414,2025-12-27,4000,0.00,3689.93,Invoice 295 C1009,AR
JE00415,2025-12-27,1100,1599.54,0.00,Invoice 490 C1015,AR
JE00415,2025-12-27,4000,0.00,1599.54,Invoice 490 C1015,AR
JE00416,2025-12-27,1100,2885.41,0.00,Invoice 694 C1022,AR
JE00416,2025-12-27,4000,0.00,2885.41,Invoice 694 C1022,AR
JE00417,2025-12-27,2000,5013.29,0.00,Payment bill 13 Delta Equipment Service,AP
JE00417,2025-12-27,1000,0.00,5013.29,Payment bill 13 Delta Equipment Service,AP
JE00418,2025-12-28,1100,4548.55,0.00,Invoice 55 C1001,AR
JE00418,2025-12-28,4000,0.00,4548.55,Invoice 55 C1001,AR
JE00419,2025-12-28,1100,2027.14,0.00,Invoice 135 C1004,AR
JE00419,2025-12-28,4000,0.00,2027.14,Invoice 135 C1004,AR
JE00420,2025-12-28,1000,3129.93,0.00,Payment invoice 142 C1004,AR
JE00420,2025-12-28,1100,0.00,3129.93,Payment invoice 142 C1004,AR
JE00421,2025-12-28,1100,1582.22,0.00,Invoice 165 C1005,AR
JE00421,2025-12-28,4000,0.00,1582.22,Invoice 165 C1005,AR
JE00422,2025-12-28,1000,4270.41,0.00,Payment invoice 170 C1005,AR
JE00422,2025-12-28,1100,0.00,4270.41,Payment invoice 170 C1005,AR
JE00423,2025-12-28,1100,1767.00,0.00,Invoice 238 C1007,AR
JE00423,2025-12-28,4000,0.00,1767.00,Invoice 238 C1007,AR
JE00424,2025-12-28,1000,2481.13,0.00,Payment invoice 264 C1008,AR
JE00424,2025-12-28,1100,0.00,2481.13,Payment invoice 264 C1008,AR
JE00425,2025-12-28,1000,1138.67,0.00,Payment invoice 298 C1009,AR
JE00425,2025-12-28,1100,0.00,1138.67,Payment invoice 298 C1009,AR
JE00426,2025-12-28,1000,1295.51,0.00,Payment invoice 381 C1011,AR
JE00426,2025-12-28,1100,0.00,1295.51,Payment invoice 381 C1011,AR
JE00427,2025-12-28,1100,4971.18,0.00,Invoice 530 C1016,AR
JE00427,2025-12-28,4000,0.00,4971.18,Invoice 530 C1016,AR
JE00428,2025-12-28,1000,4708.03,0.00,Payment invoice 709 C1023,AR
JE00428,2025-12-28,1100,0.00,4708.03,Payment invoice 709 C1023,AR
JE00429,2025-12-28,1100,2801.22,0.00,Invoice 735 C1024,AR
JE00429,2025-12-28,4000,0.00,2801.22,Invoice 735 C1024,AR
JE00430,2025-12-29,1100,3537.06,0.00,Invoice 44 C1001,AR
JE00430,2025-12-29,4000,0.00,3537.06,Invoice 44 C1001,AR
JE00431,2025-12-29,1000,3191.74,0.00,Payment invoice 137 C1004,AR
JE00431,2025-12-29,1100,0.00,3191.74,Payment invoice 137 C1004,AR
JE00432,2025-12-29,1100,4021.13,0.00,Invoice 145 C1004,AR
JE00432,2025-12-29,4000,0.00,4021.13,Invoice 145 C1004,AR
JE00433,2025-12-29,1100,3935.31,0.00,Invoice 197 C1006,AR
JE00433,2025-12-29,4000,0.00,3935.31,Invoice 197 C1006,AR
JE00434,2025-12-29,1000,4527.52,0.00,Payment invoice 261 C1008,AR
JE00434,2025-12-29,1100,0.00,4527.52,Payment invoice 261 C1008,AR
JE00435,2025-12-29,1100,4007.65,0.00,Invoice 337 C1010,AR
JE00435,2025-12-29,4000,0.00,4007.65,Invoice 337 C1010,AR
JE00436,2025-12-29,1100,3643.45,0.00,Invoice 344 C1010,AR
JE00436,2025-12-29,4000,0.00,3643.45,Invoice 344 C1010,AR
JE00437,2025-12-29,1100,2105.88,0.00,Invoice 357 C1011,AR
JE00437,2025-12-29,4000,0.00,2105.88,Invoice 357 C1011,AR
JE00438,2025-12-29,1100,2976.74,0.00,Invoice 400 C1012,AR
JE00438,2025-12-29,4000,0.00,2976.74,Invoice 400 C1012,AR
JE00439,2025-12-29,1100,3233.22,0.00,Invoice 428 C1013,AR
JE00439,2025-12-29,4000,0.00,3233.22,Invoice 428 C1013,AR
JE00440,2025-12-29,1000,4402.63,0.00,Payment invoice 470 C1014,AR
JE00440,2025-12-29,1100,0.00,4402.63,Payment invoice 470 C1014,AR
JE00441,2025-12-29,1100,1318.94,0.00,Invoice 540 C1017,AR
JE00441,2025-12-29,4000,0.00,1318.94,Invoice 540 C1017,AR
JE00442,2025-12-29,1000,2184.61,0.00,Payment invoice 597 C1019,AR
JE00442,2025-12-29,1100,0.00,2184.61,Payment invoice 597 C1019,AR
JE00443,2025-12-29,1100,2981.74,0.00,Invoice 741 C1024,AR
JE00443,2025-12-29,4000,0.00,2981.74,Invoice 741 C1024,AR
JE00444,2025-12-30,1000,1941.13,0.00,Payment invoice 78 C1003,AR
JE00444,2025-12-30,1100,0.00,1941.13,Payment invoice 78 C1003,AR
JE00445,2025-12-30,1100,3727.19,0.00,Invoice 115 C1003,AR
JE00445,2025-12-30,4000,0.00,3727.19,Invoice 115 C1003,AR
JE00446,2025-12-30,1100,3024.70,0.00,Invoice 156 C1005,AR
JE00446,2025-12-30,4000,0.00,3024.70,Invoice 156 C1005,AR
JE00447,2025-12-30,1000,4479.29,0.00,Payment invoice 278 C1008,AR
JE00447,2025-12-30,1100,0.00,4479.29,Payment invoice 278 C1008,AR
JE00448,2025-12-30,1000,4740.31,0.00,Payment invoice 304 C1009,AR
JE00448,2025-12-30,1100,0.00,4740.31,Payment invoice 304 C1009,AR
JE00449,2025-12-30,1000,758.86,0.00,Payment invoice 353 C1011,AR
JE00449,2025-12-30,1100,0.00,758.86,Payment invoice 353 C1011,AR
JE00450,2025-12-30,1000,1855.95,0.00,Payment invoice 404 C1013,AR
JE00450,2025-12-30,1100,0.00,1855.95,Payment invoice 404 C1013,AR
JE00451,2025-12-30,1000,2017.40,0.00,Payment invoice 527 C1016,AR
JE00451,2025-12-30,1100,0.00,2017.40,Payment invoice 527 C1016,AR
JE00452,2025-12-30,1000,4558.37,0.00,Payment invoice 569 C1018,AR
JE00452,2025-12-30,1100,0.00,4558.37,Payment invoice 569 C1018,AR
JE00453,2025-12-30,1000,2290.10,0.00,Payment invoice 617 C1019,AR
JE00453,2025-12-30,1100,0.00,2290.10,Payment invoice 617 C1019,AR
JE00454,2025-12-31,1100,4849.69,0.00,Invoice 85 C1003,AR
JE00454,2025-12-31,4000,0.00,4849.69,Invoice 85 C1003,AR
JE00455,2025-12-31,1100,1453.58,0.00,Invoice 174 C1005,AR
JE00455,2025-12-31,4000,0.00,1453.58,Invoice 174 C1005,AR
JE00456,2025-12-31,1000,2134.14,0.00,Payment invoice 296 C1009,AR
JE00456,2025-12-31,1100,0.00,2134.14,Payment invoice 296 C1009,AR
JE00457,2025-12-31,1000,3633.74,0.00,Payment invoice 516 C1016,AR
JE00457,2025-12-31,1100,0.00,3633.74,Payment invoice 516 C1016,AR
JE00458,2025-12-31,1000,2179.10,0.00,Payment invoice 523 C1016,AR
JE00458,2025-12-31,1100,0.00,2179.10,Payment invoice 523 C1016,AR
JE00459,2025-12-31,1100,1222.04,0.00,Invoice 744 C1024,AR
JE00459,2025-12-31,4000,0.00,1222.04,Invoice 744 C1024,AR
JE00460,2025-12-31,1100,1805.18,0.00,Invoice 751 C1024,AR
JE00460,2025-12-31,4000,0.00,1805.18,Invoice 751 C1024,AR
JE00461,2025-12-31,6170,7900.00,0.00,Employee benefits,Payroll
JE00461,2025-12-31,1000,0.00,7900.00,Employee benefits,Payroll
JE00462,2025-12-31,6800,4200.00,0.00,Monthly depreciation,Depreciation
JE00462,2025-12-31,1590,0.00,4200.00,Monthly depreciation,Depreciation
JE00463,2026-01-01,1100,3261.36,0.00,Invoice 259 C1008,AR
JE00463,2026-01-01,4000,0.00,3261.36,Invoice 259 C1008,AR
JE00464,2026-01-01,1100,902.20,0.00,Invoice 471 C1014,AR
JE00464,2026-01-01,4000,0.00,902.20,Invoice 471 C1014,AR
JE00465,2026-01-01,1100,3514.20,0.00,Invoice 568 C1018,AR
JE00465,2026-01-01,4000,0.00,3514.20,Invoice 568 C1018,AR
JE00466,2026-01-01,1100,2351.24,0.00,Invoice 591 C1019,AR
JE00466,2026-01-01,4000,0.00,2351.24,Invoice 591 C1019,AR
JE00467,2026-01-01,1100,4587.56,0.00,Invoice 675 C1021,AR
JE00467,2026-01-01,4000,0.00,4587.56,Invoice 675 C1021,AR
JE00468,2026-01-01,2000,20159.21,0.00,Payment bill 1 Northwind Components,AP
JE00468,2026-01-01,1000,0.00,20159.21,Payment bill 1 Northwind Components,AP
JE00469,2026-01-01,2000,6994.48,0.00,Payment bill 33 Prairie Utilities,AP
JE00469,2026-01-01,1000,0.00,6994.48,Payment bill 33 Prairie Utilities,AP
JE00470,2026-01-02,1100,3589.18,0.00,Invoice 7 C1000,AR
JE00470,2026-01-02,4000,0.00,3589.18,Invoice 7 C1000,AR
JE00471,2026-01-02,1100,4131.14,0.00,Invoice 201 C1006,AR
JE00471,2026-01-02,4000,0.00,4131.14,Invoice 201 C1006,AR
JE00472,2026-01-02,1100,4170.33,0.00,Invoice 213 C1007,AR
JE00472,2026-01-02,4000,0.00,4170.33,Invoice 213 C1007,AR
JE00473,2026-01-02,1000,4565.73,0.00,Payment invoice 267 C1008,AR
JE00473,2026-01-02,1100,0.00,4565.73,Payment invoice 267 C1008,AR
JE00474,2026-01-02,1100,4249.09,0.00,Invoice 300 C1009,AR
JE00474,2026-01-02,4000,0.00,4249.09,Invoice 300 C1009,AR
JE00475,2026-01-02,1100,3709.47,0.00,Invoice 536 C1017,AR
JE00475,2026-01-02,4000,0.00,3709.47,Invoice 536 C1017,AR
JE00476,2026-01-02,1100,2556.78,0.00,Invoice 646 C1020,AR
JE00476,2026-01-02,4000,0.00,2556.78,Invoice 646 C1020,AR
JE00477,2026-01-02,2000,11266.35,0.00,Payment bill 12 Lakeshore Packaging,AP
JE00477,2026-01-02,1000,0.00,11266.35,Payment bill 12 Lakeshore Packaging,AP
JE00478,2026-01-03,1000,3702.15,0.00,Payment invoice 36 C1000,AR
JE00478,2026-01-03,1100,0.00,3702.15,Payment invoice 36 C1000,AR
JE00479,2026-01-03,1100,844.93,0.00,Invoice 67 C1002,AR
JE00479,2026-01-03,4000,0.00,844.93,Invoice 67 C1002,AR
JE00480,2026-01-03,1100,4129.19,0.00,Invoice 75 C1002,AR
JE00480,2026-01-03,4000,0.00,4129.19,Invoice 75 C1002,AR
JE00481,2026-01-03,1100,2220.74,0.00,Invoice 136 C1004,AR
JE00481,2026-01-03,4000,0.00,2220.74,Invoice 136 C1004,AR
JE00482,2026-01-03,1000,3565.93,0.00,Payment invoice 220 C1007,AR
JE00482,2026-01-03,1100,0.00,3565.93,Payment invoice 220 C1007,AR
JE00483,2026-01-03,1100,3502.50,0.00,Invoice 327 C1010,AR
JE00483,2026-01-03,4000,0.00,3502.50,Invoice 327 C1010,AR
JE00484,2026-01-03,1000,1050.98,0.00,Payment invoice 411 C1013,AR
JE00484,2026-01-03,1100,0.00,1050.98,Payment invoice 411 C1013,AR
JE00485,2026-01-03,1000,1401.13,0.00,Payment invoice 417 C1013,AR
JE00485,2026-01-03,1100,0.00,1401.13,Payment invoice 417 C1013,AR
JE00486,2026-01-03,1000,2652.50,0.00,Payment invoice 613 C1019,AR
JE00486,2026-01-03,1100,0.00,2652.50,Payment invoice 613 C1019,AR
JE00487,2026-01-03,1100,4114.55,0.00,Invoice 662 C1021,AR
JE00487,2026-01-03,4000,0.00,4114.55,Invoice 662 C1021,AR
JE00488,2026-01-03,2000,9888.59,0.00,Payment bill 19 Meridian Legal LLP,AP
JE00488,2026-01-03,1000,0.00,9888.59,Payment bill 19 Meridian Legal LLP,AP
JE00489,2026-01-04,1100,889.10,0.00,Invoice 17 C1000,AR
JE00489,2026-01-04,4000,0.00,889.10,Invoice 17 C1000,AR
JE00490,2026-01-04,1100,1243.30,0.00,Invoice 112 C1003,AR
JE00490,2026-01-04,4000,0.00,1243.30,Invoice 112 C1003,AR
JE00491,2026-01-04,1000,2903.25,0.00,Payment invoice 122 C1004,AR
JE00491,2026-01-04,1100,0.00,2903.25,Payment invoice 122 C1004,AR
JE00492,2026-01-04,1100,3076.60,0.00,Invoice 132 C1004,AR
JE00492,2026-01-04,4000,0.00,3076.60,Invoice 132 C1004,AR
JE00493,2026-01-04,1000,4279.12,0.00,Payment invoice 570 C1018,AR
JE00493,2026-01-04,1100,0.00,4279.12,Payment invoice 570 C1018,AR
JE00494,2026-01-04,1000,1941.13,0.00,Payment invoice 571 C1018,AR
JE00494,2026-01-04,1100,0.00,1941.13,Payment invoice 571 C1018,AR
JE00495,2026-01-04,2000,9273.04,0.00,Payment bill 25 Harbor Freight & Logistics,AP
JE00495,2026-01-04,1000,0.00,9273.04,Payment bill 25 Harbor Freight & Logistics,AP
JE00496,2026-01-05,1000,4039.00,0.00,Payment invoice 29 C1000,AR
JE00496,2026-01-05,1100,0.00,4039.00,Payment invoice 29 C1000,AR
JE00497,2026-01-05,1100,946.77,0.00,Invoice 195 C1006,AR
JE00497,2026-01-05,4000,0.00,946.77,Invoice 195 C1006,AR
JE00498,2026-01-05,1100,2337.94,0.00,Invoice 306 C1009,AR
JE00498,2026-01-05,4000,0.00,2337.94,Invoice 306 C1009,AR
JE00499,2026-01-05,1100,2341.66,0.00,Invoice 475 C1014,AR
JE00499,2026-01-05,4000,0.00,2341.66,Invoice 475 C1014,AR
JE00500,2026-01-05,1000,663.84,0.00,Payment invoice 541 C1017,AR
JE00500,2026-01-05,1100,0.00,663.84,Payment invoice 541 C1017,AR
JE00501,2026-01-05,1000,4664.97,0.00,Payment invoice 736 C1024,AR
JE00501,2026-01-05,1100,0.00,4664.97,Payment invoice 736 C1024,AR
JE00502,2026-01-05,2000,10877.71,0.00,Payment bill 29 Summit Contract Labor,AP
JE00502,2026-01-05,1000,0.00,10877.71,Payment bill 29 Summit Contract Labor,AP
JE00503,2026-01-06,1100,2950.14,0.00,Invoice 226 C1007,AR
JE00503,2026-01-06,4000,0.00,2950.14,Invoice 226 C1007,AR
JE00504,2026-01-06,1000,1099.64,0.00,Payment invoice 406 C1013,AR
JE00504,2026-01-06,1100,0.00,1099.64,Payment invoice 406 C1013,AR
JE00505,2026-01-06,1100,604.27,0.00,Invoice 421 C1013,AR
JE00505,2026-01-06,4000,0.00,604.27,Invoice 421 C1013,AR
JE00506,2026-01-06,1000,690.01,0.00,Payment invoice 441 C1014,AR
JE00506,2026-01-06,1100,0.00,690.01,Payment invoice 441 C1014,AR
JE00507,2026-01-06,1100,2784.86,0.00,Invoice 485 C1015,AR
JE00507,2026-01-06,4000,0.00,2784.86,Invoice 485 C1015,AR
JE00508,2026-01-06,1000,4291.97,0.00,Payment invoice 534 C1017,AR
JE00508,2026-01-06,1100,0.00,4291.97,Payment invoice 534 C1017,AR
JE00509,2026-01-07,1000,1590.08,0.00,Payment invoice 125 C1004,AR
JE00509,2026-01-07,1100,0.00,1590.08,Payment invoice 125 C1004,AR
JE00510,2026-01-07,1100,506.58,0.00,Invoice 444 C1014,AR
JE00510,2026-01-07,4000,0.00,506.58,Invoice 444 C1014,AR
JE00511,2026-01-07,1000,3865.58,0.00,Payment invoice 450 C1014,AR
JE00511,2026-01-07,1100,0.00,3865.58,Payment invoice 450 C1014,AR
JE00512,2026-01-07,1100,1327.76,0.00,Invoice 499 C1015,AR
JE00512,2026-01-07,4000,0.00,1327.76,Invoice 499 C1015,AR
JE00513,2026-01-07,5000,21884.21,0.00,Bill 39 Northwind Components,AP
JE00513,2026-01-07,2000,0.00,21884.21,Bill 39 Northwind Components,AP
JE00514,2026-01-08,1100,2364.91,0.00,Invoice 28 C1000,AR
JE00514,2026-01-08,4000,0.00,2364.91,Invoice 28 C1000,AR
JE00515,2026-01-08,1100,3913.75,0.00,Invoice 133 C1004,AR
JE00515,2026-01-08,4000,0.00,3913.75,Invoice 133 C1004,AR
JE00516,2026-01-08,1000,545.58,0.00,Payment invoice 146 C1004,AR
JE00516,2026-01-08,1100,0.00,545.58,Payment invoice 146 C1004,AR
JE00517,2026-01-08,1000,876.49,0.00,Payment invoice 346 C1011,AR
JE00517,2026-01-08,1100,0.00,876.49,Payment invoice 346 C1011,AR
JE00518,2026-01-08,1000,2919.01,0.00,Payment invoice 350 C1011,AR
JE00518,2026-01-08,1100,0.00,2919.01,Payment invoice 350 C1011,AR
JE00519,2026-01-08,1100,3402.76,0.00,Invoice 480 C1015,AR
JE00519,2026-01-08,4000,0.00,3402.76,Invoice 480 C1015,AR
JE00520,2026-01-08,2000,14655.22,0.00,Payment bill 22 Apex Materials,AP
JE00520,2026-01-08,1000,0.00,14655.22,Payment bill 22 Apex Materials,AP
JE00521,2026-01-08,2000,7745.34,0.00,Payment bill 34 Cedar Property Mgmt,AP
JE00521,2026-01-08,1000,0.00,7745.34,Payment bill 34 Cedar Property Mgmt,AP
JE00522,2026-01-08,5000,16046.40,0.00,Bill 41 Apex Materials,AP
JE00522,2026-01-08,2000,0.00,16046.40,Bill 41 Apex Materials,AP
JE00523,2026-01-08,6220,5498.09,0.00,Bill 43 Bright Accounting Group,AP
JE00523,2026-01-08,2000,0.00,5498.09,Bill 43 Bright Accounting Group,AP
JE00524,2026-01-09,1000,3169.33,0.00,Payment invoice 20 C1000,AR
JE00524,2026-01-09,1100,0.00,3169.33,Payment invoice 20 C1000,AR
JE00525,2026-01-09,1100,3110.32,0.00,Invoice 102 C1003,AR
JE00525,2026-01-09,4000,0.00,3110.32,Invoice 102 C1003,AR
JE00526,2026-01-09,1000,3402.72,0.00,Payment invoice 233 C1007,AR
JE00526,2026-01-09,1100,0.00,3402.72,Payment invoice 233 C1007,AR
JE00527,2026-01-09,1000,2776.52,0.00,Payment invoice 418 C1013,AR
JE00527,2026-01-09,1100,0.00,2776.52,Payment invoice 418 C1013,AR
JE00528,2026-01-09,1000,1001.83,0.00,Payment invoice 447 C1014,AR
JE00528,2026-01-09,1100,0.00,1001.83,Payment invoice 447 C1014,AR
JE00529,2026-01-09,1100,4488.57,0.00,Invoice 482 C1015,AR
JE00529,2026-01-09,4000,0.00,4488.57,Invoice 482 C1015,AR
JE00530,2026-01-09,1100,925.71,0.00,Invoice 515 C1016,AR
JE00530,2026-01-09,4000,0.00,925.71,Invoice 515 C1016,AR
JE00531,2026-01-09,1100,975.71,0.00,Invoice 608 C1019,AR
JE00531,2026-01-09,4000,0.00,975.71,Invoice 608 C1019,AR
JE00532,2026-01-09,1100,4541.91,0.00,Invoice 633 C1020,AR
JE00532,2026-01-09,4000,0.00,4541.91,Invoice 633 C1020,AR
JE00533,2026-01-09,1100,2802.38,0.00,Invoice 639 C1020,AR
JE00533,2026-01-09,4000,0.00,2802.38,Invoice 639 C1020,AR
JE00534,2026-01-09,2000,17549.53,0.00,Payment bill 2 Northwind Components,AP
JE00534,2026-01-09,1000,0.00,17549.53,Payment bill 2 Northwind Components,AP
JE00535,2026-01-09,5000,8908.76,0.00,Bill 44 Harbor Freight & Logistics,AP
JE00535,2026-01-09,2000,0.00,8908.76,Bill 44 Harbor Freight & Logistics,AP
JE00536,2026-01-09,6230,8350.75,0.00,Bill 46 Evergreen Insurance,AP
JE00536,2026-01-09,2000,0.00,8350.75,Bill 46 Evergreen Insurance,AP
JE00537,2026-01-09,6100,15624.62,0.00,Payroll run,Payroll
JE00537,2026-01-09,6110,8576.92,0.00,Payroll run,Payroll
JE00537,2026-01-09,6120,8769.23,0.00,Payroll run,Payroll
JE00537,2026-01-09,6130,9000.00,0.00,Payroll run,Payroll
JE00537,2026-01-09,6160,3567.52,0.00,Payroll run,Payroll
JE00537,2026-01-09,1000,0.00,45538.29,Payroll run,Payroll
JE00538,2026-01-10,1100,3991.43,0.00,Invoice 543 C1017,AR
JE00538,2026-01-10,4000,0.00,3991.43,Invoice 543 C1017,AR
JE00539,2026-01-10,1100,4924.30,0.00,Invoice 584 C1018,AR
JE00539,2026-01-10,4000,0.00,4924.30,Invoice 584 C1018,AR
JE00540,2026-01-10,5000,13336.63,0.00,Bill 47 Summit Contract Labor,AP
JE00540,2026-01-10,2000,0.00,13336.63,Bill 47 Summit Contract Labor,AP
JE00541,2026-01-10,6240,13201.66,0.00,Bill 49 Pioneer Marketing Co,AP
JE00541,2026-01-10,2000,0.00,13201.66,Bill 49 Pioneer Marketing Co,AP
JE00542,2026-01-10,7000,2896.22,0.00,Term loan payment,Loan
JE00542,2026-01-10,2500,6103.78,0.00,Term loan payment,Loan
JE00542,2026-01-10,1000,0.00,9000.00,Term loan payment,Loan
JE00543,2026-01-11,1100,4786.10,0.00,Invoice 23 C1000,AR
JE00543,2026-01-11,4000,0.00,4786.10,Invoice 23 C1000,AR
JE00544,2026-01-11,1100,4615.00,0.00,Invoice 58 C1002,AR
JE00544,2026-01-11,4000,0.00,4615.00,Invoice 58 C1002,AR
JE00545,2026-01-11,1000,4702.54,0.00,Payment invoice 290 C1009,AR
JE00545,2026-01-11,1100,0.00,4702.54,Payment invoice 290 C1009,AR
JE00546,2026-01-11,1100,1640.71,0.00,Invoice 312 C1010,AR
JE00546,2026-01-11,4000,0.00,1640.71,Invoice 312 C1010,AR
JE00547,2026-01-11,1100,762.40,0.00,Invoice 464 C1014,AR
JE00547,2026-01-11,4000,0.00,762.40,Invoice 464 C1014,AR
JE00548,2026-01-11,1000,1273.64,0.00,Payment invoice 739 C1024,AR
JE00548,2026-01-11,1100,0.00,1273.64,Payment invoice 739 C1024,AR
JE00549,2026-01-11,2000,8135.66,0.00,Payment bill 8 Evergreen Insurance,AP
JE00549,2026-01-11,1000,0.00,8135.66,Payment bill 8 Evergreen Insurance,AP
JE00550,2026-01-11,5000,14175.72,0.00,Bill 50 Lakeshore Packaging,AP
JE00550,2026-01-11,2000,0.00,14175.72,Bill 50 Lakeshore Packaging,AP
JE00551,2026-01-11,6250,3671.29,0.00,Bill 51 Delta Equipment Service,AP
JE00551,2026-01-11,2000,0.00,3671.29,Bill 51 Delta Equipment Service,AP
JE00552,2026-01-12,1100,2394.13,0.00,Invoice 38 C1000,AR
JE00552,2026-01-12,4000,0.00,2394.13,Invoice 38 C1000,AR
JE00553,2026-01-12,1100,1012.61,0.00,Invoice 62 C1002,AR
JE00553,2026-01-12,4000,0.00,1012.61,Invoice 62 C1002,AR
JE00554,2026-01-12,1100,1016.10,0.00,Invoice 66 C1002,AR
JE00554,2026-01-12,4000,0.00,1016.10,Invoice 66 C1002,AR
JE00555,2026-01-12,1100,2894.58,0.00,Invoice 217 C1007,AR
JE00555,2026-01-12,4000,0.00,2894.58,Invoice 217 C1007,AR
JE00556,2026-01-12,1000,2792.15,0.00,Payment invoice 268 C1008,AR
JE00556,2026-01-12,1100,0.00,2792.15,Payment invoice 268 C1008,AR
JE00557,2026-01-12,1100,3528.66,0.00,Invoice 316 C1010,AR
JE00557,2026-01-12,4000,0.00,3528.66,Invoice 316 C1010,AR
JE00558,2026-01-12,1100,3756.40,0.00,Invoice 561 C1017,AR
JE00558,2026-01-12,4000,0.00,3756.40,Invoice 561 C1017,AR
JE00559,2026-01-12,6200,6368.64,0.00,Bill 52 Prairie Utilities,AP
JE00559,2026-01-12,2000,0.00,6368.64,Bill 52 Prairie Utilities,AP
JE00560,2026-01-13,1000,3652.48,0.00,Payment invoice 458 C1014,AR
JE00560,2026-01-13,1100,0.00,3652.48,Payment invoice 458 C1014,AR
JE00561,2026-01-13,1100,576.68,0.00,Invoice 728 C1023,AR
JE00561,2026-01-13,4000,0.00,576.68,Invoice 728 C1023,AR
JE00562,2026-01-13,1100,4543.94,0.00,Invoice 750 C1024,AR
JE00562,2026-01-13,4000,0.00,4543.94,Invoice 750 C1024,AR
JE00563,2026-01-13,6200,8442.47,0.00,Bill 53 Cedar Property Mgmt,AP
JE00563,2026-01-13,2000,0.00,8442.47,Bill 53 Cedar Property Mgmt,AP
JE00564,2026-01-14,1100,3200.94,0.00,Invoice 61 C1002,AR
JE00564,2026-01-14,4000,0.00,3200.94,Invoice 61 C1002,AR
JE00565,2026-01-14,1000,2539.89,0.00,Payment invoice 99 C1003,AR
JE00565,2026-01-14,1100,0.00,2539.89,Payment invoice 99 C1003,AR
JE00566,2026-01-14,1000,4728.32,0.00,Payment invoice 234 C1007,AR
JE00566,2026-01-14,1100,0.00,4728.32,Payment invoice 234 C1007,AR
JE00567,2026-01-14,1100,2142.91,0.00,Invoice 299 C1009,AR
JE00567,2026-01-14,4000,0.00,2142.91,Invoice 299 C1009,AR
JE00568,2026-01-14,1100,2015.14,0.00,Invoice 391 C1012,AR
JE00568,2026-01-14,4000,0.00,2015.14,Invoice 391 C1012,AR
JE00569,2026-01-14,1000,1609.92,0.00,Payment invoice 399 C1012,AR
JE00569,2026-01-14,1100,0.00,1609.92,Payment invoice 399 C1012,AR
JE00570,2026-01-14,1000,4513.58,0.00,Payment invoice 430 C1013,AR
JE00570,2026-01-14,1100,0.00,4513.58,Payment invoice 430 C1013,AR
JE00571,2026-01-14,1000,4493.52,0.00,Payment invoice 537 C1017,AR
JE00571,2026-01-14,1100,0.00,4493.52,Payment invoice 537 C1017,AR
JE00572,2026-01-14,1100,3230.15,0.00,Invoice 579 C1018,AR
JE00572,2026-01-14,4000,0.00,3230.15,Invoice 579 C1018,AR
JE00573,2026-01-14,2000,5273.70,0.00,Payment bill 24 Bright Accounting Group,AP
JE00573,2026-01-14,1000,0.00,5273.70,Payment bill 24 Bright Accounting Group,AP
JE00574,2026-01-14,2000,10922.47,0.00,Payment bill 30 Pioneer Marketing Co,AP
JE00574,2026-01-14,1000,0.00,10922.47,Payment bill 30 Pioneer Marketing Co,AP
JE00575,2026-01-14,2000,8430.09,0.00,Payment bill 37 Orbit SaaS Suite,AP
JE00575,2026-01-14,1000,0.00,8430.09,Payment bill 37 Orbit SaaS Suite,AP
JE00576,2026-01-14,6210,9797.34,0.00,Bill 55 CloudStack Hosting,AP
JE00576,2026-01-14,2000,0.00,9797.34,Bill 55 CloudStack Hosting,AP
JE00577,2026-01-15,1100,4653.67,0.00,Invoice 203 C1006,AR
JE00577,2026-01-15,4000,0.00,4653.67,Invoice 203 C1006,AR
JE00578,2026-01-15,1100,3454.77,0.00,Invoice 321 C1010,AR
JE00578,2026-01-15,4000,0.00,3454.77,Invoice 321 C1010,AR
JE00579,2026-01-15,1000,2176.85,0.00,Payment invoice 361 C1011,AR
JE00579,2026-01-15,1100,0.00,2176.85,Payment invoice 361 C1011,AR
JE00580,2026-01-15,1000,4032.11,0.00,Payment invoice 672 C1021,AR
JE00580,2026-01-15,1100,0.00,4032.11,Payment invoice 672 C1021,AR
JE00581,2026-01-15,1000,880.08,0.00,Payment invoice 722 C1023,AR
JE00581,2026-01-15,1100,0.00,880.08,Payment invoice 722 C1023,AR
JE00582,2026-01-15,2000,11379.37,0.00,Payment bill 36 CloudStack Hosting,AP
JE00582,2026-01-15,1000,0.00,11379.37,Payment bill 36 CloudStack Hosting,AP
JE00583,2026-01-15,6210,6933.20,0.00,Bill 56 Orbit SaaS Suite,AP
JE00583,2026-01-15,2000,0.00,6933.20,Bill 56 Orbit SaaS Suite,AP
JE00584,2026-01-16,1100,4150.13,0.00,Invoice 56 C1001,AR
JE00584,2026-01-16,4000,0.00,4150.13,Invoice 56 C1001,AR
JE00585,2026-01-16,1000,2394.56,0.00,Payment invoice 73 C1002,AR
JE00585,2026-01-16,1100,0.00,2394.56,Payment invoice 73 C1002,AR
JE00586,2026-01-16,1000,4404.26,0.00,Payment invoice 81 C1003,AR
JE00586,2026-01-16,1100,0.00,4404.26,Payment invoice 81 C1003,AR
JE00587,2026-01-16,1100,4031.18,0.00,Invoice 211 C1007,AR
JE00587,2026-01-16,4000,0.00,4031.18,Invoice 211 C1007,AR
JE00588,2026-01-16,1100,2878.17,0.00,Invoice 273 C1008,AR
JE00588,2026-01-16,4000,0.00,2878.17,Invoice 273 C1008,AR
JE00589,2026-01-16,1000,994.41,0.00,Payment invoice 292 C1009,AR
JE00589,2026-01-16,1100,0.00,994.41,Payment invoice 292 C1009,AR
JE00590,2026-01-16,1000,3316.57,0.00,Payment invoice 317 C1010,AR
JE00590,2026-01-16,1100,0.00,3316.57,Payment invoice 317 C1010,AR
JE00591,2026-01-16,1100,2021.71,0.00,Invoice 435 C1013,AR
JE00591,2026-01-16,4000,0.00,2021.71,Invoice 435 C1013,AR
JE00592,2026-01-16,1100,2074.66,0.00,Invoice 469 C1014,AR
JE00592,2026-01-16,4000,0.00,2074.66,Invoice 469 C1014,AR
JE00593,2026-01-16,1100,4626.64,0.00,Invoice 520 C1016,AR
JE00593,2026-01-16,4000,0.00,4626.64,Invoice 520 C1016,AR
JE00594,2026-01-16,1100,2939.85,0.00,Invoice 575 C1018,AR
JE00594,2026-01-16,4000,0.00,2939.85,Invoice 575 C1018,AR
JE00595,2026-01-16,6220,8933.70,0.00,Bill 57 Meridian Legal LLP,AP
JE00595,2026-01-16,2000,0.00,8933.70,Bill 57 Meridian Legal LLP,AP
JE00596,2026-01-17,1000,1166.97,0.00,Payment invoice 396 C1012,AR
JE00596,2026-01-17,1100,0.00,1166.97,Payment invoice 396 C1012,AR
JE00597,2026-01-17,1000,3383.46,0.00,Payment invoice 438 C1014,AR
JE00597,2026-01-17,1100,0.00,3383.46,Payment invoice 438 C1014,AR
JE00598,2026-01-17,1000,2524.85,0.00,Payment invoice 542 C1017,AR
JE00598,2026-01-17,1100,0.00,2524.85,Payment invoice 542 C1017,AR
JE00599,2026-01-17,1000,4584.53,0.00,Payment invoice 563 C1017,AR
JE00599,2026-01-17,1100,0.00,4584.53,Payment invoice 563 C1017,AR
JE00600,2026-01-17,1000,2430.58,0.00,Payment invoice 611 C1019,AR
JE00600,2026-01-17,1100,0.00,2430.58,Payment invoice 611 C1019,AR
JE00601,2026-01-17,1100,3985.21,0.00,Invoice 614 C1019,AR
JE00601,2026-01-17,4000,0.00,3985.21,Invoice 614 C1019,AR
JE00602,2026-01-18,1100,4067.29,0.00,Invoice 86 C1003,AR
JE00602,2026-01-18,4000,0.00,4067.29,Invoice 86 C1003,AR
JE00603,2026-01-18,1100,1875.30,0.00,Invoice 93 C1003,AR
JE00603,2026-01-18,4000,0.00,1875.30,Invoice 93 C1003,AR
JE00604,2026-01-18,1100,2754.05,0.00,Invoice 105 C1003,AR
JE00604,2026-01-18,4000,0.00,2754.05,Invoice 105 C1003,AR
JE00605,2026-01-18,1000,2416.41,0.00,Payment invoice 141 C1004,AR
JE00605,2026-01-18,1100,0.00,2416.41,Payment invoice 141 C1004,AR
JE00606,2026-01-18,1100,4499.73,0.00,Invoice 177 C1005,AR
JE00606,2026-01-18,4000,0.00,4499.73,Invoice 177 C1005,AR
JE00607,2026-01-18,1100,2086.77,0.00,Invoice 209 C1007,AR
JE00607,2026-01-18,4000,0.00,2086.77,Invoice 209 C1007,AR
JE00608,2026-01-18,1000,4492.36,0.00,Payment invoice 232 C1007,AR
JE00608,2026-01-18,1100,0.00,4492.36,Payment invoice 232 C1007,AR
JE00609,2026-01-18,1100,3967.70,0.00,Invoice 342 C1010,AR
JE00609,2026-01-18,4000,0.00,3967.70,Invoice 342 C1010,AR
JE00610,2026-01-18,1100,2487.19,0.00,Invoice 546 C1017,AR
JE00610,2026-01-18,4000,0.00,2487.19,Invoice 546 C1017,AR
JE00611,2026-01-18,1100,2286.04,0.00,Invoice 698 C1022,AR
JE00611,2026-01-18,4000,0.00,2286.04,Invoice 698 C1022,AR
JE00612,2026-01-18,1000,1435.40,0.00,Payment invoice 749 C1024,AR
JE00612,2026-01-18,1100,0.00,1435.40,Payment invoice 749 C1024,AR
JE00613,2026-01-18,2000,13583.14,0.00,Payment bill 23 Apex Materials,AP
JE00613,2026-01-18,1000,0.00,13583.14,Payment bill 23 Apex Materials,AP
JE00614,2026-01-18,2000,4626.47,0.00,Payment bill 32 Delta Equipment Service,AP
JE00614,2026-01-18,1000,0.00,4626.47,Payment bill 32 Delta Equipment Service,AP
JE00615,2026-01-18,5000,17696.35,0.00,Bill 40 Northwind Components,AP
JE00615,2026-01-18,2000,0.00,17696.35,Bill 40 Northwind Components,AP
JE00616,2026-01-19,1000,3908.39,0.00,Payment invoice 127 C1004,AR
JE00616,2026-01-19,1100,0.00,3908.39,Payment invoice 127 C1004,AR
JE00617,2026-01-19,1000,1388.13,0.00,Payment invoice 140 C1004,AR
JE00617,2026-01-19,1100,0.00,1388.13,Payment invoice 140 C1004,AR
JE00618,2026-01-19,1000,4006.13,0.00,Payment invoice 307 C1009,AR
JE00618,2026-01-19,1100,0.00,4006.13,Payment invoice 307 C1009,AR
JE00619,2026-01-19,1100,4451.23,0.00,Invoice 462 C1014,AR
JE00619,2026-01-19,4000,0.00,4451.23,Invoice 462 C1014,AR
JE00620,2026-01-19,1100,811.35,0.00,Invoice 483 C1015,AR
JE00620,2026-01-19,4000,0.00,811.35,Invoice 483 C1015,AR
JE00621,2026-01-19,1000,2439.54,0.00,Payment invoice 603 C1019,AR
JE00621,2026-01-19,1100,0.00,2439.54,Payment invoice 603 C1019,AR
JE00622,2026-01-19,2000,8042.45,0.00,Payment bill 26 Harbor Freight & Logistics,AP
JE00622,2026-01-19,1000,0.00,8042.45,Payment bill 26 Harbor Freight & Logistics,AP
JE00623,2026-01-19,5000,17767.36,0.00,Bill 42 Apex Materials,AP
JE00623,2026-01-19,2000,0.00,17767.36,Bill 42 Apex Materials,AP
JE00624,2026-01-20,1000,1548.88,0.00,Payment invoice 9 C1000,AR
JE00624,2026-01-20,1100,0.00,1548.88,Payment invoice 9 C1000,AR
JE00625,2026-01-20,1000,2496.09,0.00,Payment invoice 162 C1005,AR
JE00625,2026-01-20,1100,0.00,2496.09,Payment invoice 162 C1005,AR
JE00626,2026-01-20,1000,604.78,0.00,Payment invoice 168 C1005,AR
JE00626,2026-01-20,1100,0.00,604.78,Payment invoice 168 C1005,AR
JE00627,2026-01-20,1000,833.75,0.00,Payment invoice 355 C1011,AR
JE00627,2026-01-20,1100,0.00,833.75,Payment invoice 355 C1011,AR
JE00628,2026-01-20,1100,3973.53,0.00,Invoice 677 C1021,AR
JE00628,2026-01-20,4000,0.00,3973.53,Invoice 677 C1021,AR
JE00629,2026-01-20,1100,1293.45,0.00,Invoice 727 C1023,AR
JE00629,2026-01-20,4000,0.00,1293.45,Invoice 727 C1023,AR
JE00630,2026-01-20,2000,19770.00,0.00,Payment bill 20 Northwind Components,AP
JE00630,2026-01-20,1000,0.00,19770.00,Payment bill 20 Northwind Components,AP
JE00631,2026-01-20,2000,8586.90,0.00,Payment bill 35 Cedar Property Mgmt,AP
JE00631,2026-01-20,1000,0.00,8586.90,Payment bill 35 Cedar Property Mgmt,AP
JE00632,2026-01-20,5000,7700.00,0.00,Bill 45 Harbor Freight & Logistics,AP
JE00632,2026-01-20,2000,0.00,7700.00,Bill 45 Harbor Freight & Logistics,AP
JE00633,2026-01-21,1100,3663.01,0.00,Invoice 139 C1004,AR
JE00633,2026-01-21,4000,0.00,3663.01,Invoice 139 C1004,AR
JE00634,2026-01-21,1100,807.02,0.00,Invoice 166 C1005,AR
JE00634,2026-01-21,4000,0.00,807.02,Invoice 166 C1005,AR
JE00635,2026-01-21,1100,4241.53,0.00,Invoice 670 C1021,AR
JE00635,2026-01-21,4000,0.00,4241.53,Invoice 670 C1021,AR
JE00636,2026-01-21,1100,1688.52,0.00,Invoice 683 C1021,AR
JE00636,2026-01-21,4000,0.00,1688.52,Invoice 683 C1021,AR
JE00637,2026-01-21,5000,11711.21,0.00,Bill 48 Summit Contract Labor,AP
JE00637,2026-01-21,2000,0.00,11711.21,Bill 48 Summit Contract Labor,AP
JE00638,2026-01-22,1000,2904.32,0.00,Payment invoice 69 C1002,AR
JE00638,2026-01-22,1100,0.00,2904.32,Payment invoice 69 C1002,AR
JE00639,2026-01-22,1000,815.38,0.00,Payment invoice 191 C1006,AR
JE00639,2026-01-22,1100,0.00,815.38,Payment invoice 191 C1006,AR
JE00640,2026-01-22,1100,3149.07,0.00,Invoice 386 C1012,AR
JE00640,2026-01-22,4000,0.00,3149.07,Invoice 386 C1012,AR
JE00641,2026-01-22,1100,4575.62,0.00,Invoice 461 C1014,AR
JE00641,2026-01-22,4000,0.00,4575.62,Invoice 461 C1014,AR
JE00642,2026-01-22,1000,2852.28,0.00,Payment invoice 589 C1019,AR
JE00642,2026-01-22,1100,0.00,2852.28,Payment invoice 589 C1019,AR
JE00643,2026-01-22,1000,2138.26,0.00,Payment invoice 599 C1019,AR
JE00643,2026-01-22,1100,0.00,2138.26,Payment invoice 599 C1019,AR
JE00644,2026-01-22,1000,4781.80,0.00,Payment invoice 605 C1019,AR
JE00644,2026-01-22,1100,0.00,4781.80,Payment invoice 605 C1019,AR
JE00645,2026-01-22,1000,3404.45,0.00,Payment invoice 647 C1020,AR
JE00645,2026-01-22,1100,0.00,3404.45,Payment invoice 647 C1020,AR
JE00646,2026-01-23,1000,4640.39,0.00,Payment invoice 22 C1000,AR
JE00646,2026-01-23,1100,0.00,4640.39,Payment invoice 22 C1000,AR
JE00647,2026-01-23,1000,597.08,0.00,Payment invoice 334 C1010,AR
JE00647,2026-01-23,1100,0.00,597.08,Payment invoice 334 C1010,AR
JE00648,2026-01-23,1000,3407.48,0.00,Payment invoice 384 C1011,AR
JE00648,2026-01-23,1100,0.00,3407.48,Payment invoice 384 C1011,AR
JE00649,2026-01-23,1000,2435.22,0.00,Payment invoice 653 C1021,AR
JE00649,2026-01-23,1100,0.00,2435.22,Payment invoice 653 C1021,AR
JE00650,2026-01-23,1100,4593.06,0.00,Invoice 703 C1022,AR
JE00650,2026-01-23,4000,0.00,4593.06,Invoice 703 C1022,AR
JE00651,2026-01-23,6100,15624.62,0.00,Payroll run,Payroll
JE00651,2026-01-23,6110,11115.38,0.00,Payroll run,Payroll
JE00651,2026-01-23,6120,8769.23,0.00,Payroll run,Payroll
JE00651,2026-01-23,6130,9000.00,0.00,Payroll run,Payroll
JE00651,2026-01-23,6160,3783.28,0.00,Payroll run,Payroll
JE00651,2026-01-23,1000,0.00,48292.51,Payroll run,Payroll
JE00652,2026-01-24,1100,1044.00,0.00,Invoice 12 C1000,AR
JE00652,2026-01-24,4000,0.00,1044.00,Invoice 12 C1000,AR
JE00653,2026-01-24,1100,2975.94,0.00,Invoice 76 C1002,AR
JE00653,2026-01-24,4000,0.00,2975.94,Invoice 76 C1002,AR
JE00654,2026-01-24,1000,3696.25,0.00,Payment invoice 224 C1007,AR
JE00654,2026-01-24,1100,0.00,3696.25,Payment invoice 224 C1007,AR
JE00655,2026-01-24,1100,3892.58,0.00,Invoice 314 C1010,AR
JE00655,2026-01-24,4000,0.00,3892.58,Invoice 314 C1010,AR
JE00656,2026-01-24,1100,4817.65,0.00,Invoice 437 C1013,AR
JE00656,2026-01-24,4000,0.00,4817.65,Invoice 437 C1013,AR
JE00657,2026-01-24,1000,2289.53,0.00,Payment invoice 521 C1016,AR
JE00657,2026-01-24,1100,0.00,2289.53,Payment invoice 521 C1016,AR
JE00658,2026-01-24,1000,537.70,0.00,Payment invoice 528 C1016,AR
JE00658,2026-01-24,1100,0.00,537.70,Payment invoice 528 C1016,AR
JE00659,2026-01-24,1100,930.85,0.00,Invoice 572 C1018,AR
JE00659,2026-01-24,4000,0.00,930.85,Invoice 572 C1018,AR
JE00660,2026-01-24,2000,13336.63,0.00,Payment bill 47 Summit Contract Labor,AP
JE00660,2026-01-24,1000,0.00,13336.63,Payment bill 47 Summit Contract Labor,AP
JE00661,2026-01-24,6200,8941.25,0.00,Bill 54 Cedar Property Mgmt,AP
JE00661,2026-01-24,2000,0.00,8941.25,Bill 54 Cedar Property Mgmt,AP
JE00662,2026-01-25,1000,3533.69,0.00,Payment invoice 52 C1001,AR
JE00662,2026-01-25,1100,0.00,3533.69,Payment invoice 52 C1001,AR
JE00663,2026-01-25,1000,2206.74,0.00,Payment invoice 281 C1008,AR
JE00663,2026-01-25,1100,0.00,2206.74,Payment invoice 281 C1008,AR
JE00664,2026-01-25,1000,2283.35,0.00,Payment invoice 383 C1011,AR
JE00664,2026-01-25,1100,0.00,2283.35,Payment invoice 383 C1011,AR
JE00665,2026-01-25,1100,3639.79,0.00,Invoice 491 C1015,AR
JE00665,2026-01-25,4000,0.00,3639.79,Invoice 491 C1015,AR
JE00666,2026-01-25,1000,2578.02,0.00,Payment invoice 585 C1018,AR
JE00666,2026-01-25,1100,0.00,2578.02,Payment invoice 585 C1018,AR
JE00667,2026-01-25,1000,1352.29,0.00,Payment invoice 587 C1019,AR
JE00667,2026-01-25,1100,0.00,1352.29,Payment invoice 587 C1019,AR
JE00668,2026-01-25,1100,4982.36,0.00,Invoice 644 C1020,AR
JE00668,2026-01-25,4000,0.00,4982.36,Invoice 644 C1020,AR
JE00669,2026-01-25,1000,3975.26,0.00,Payment invoice 669 C1021,AR
JE00669,2026-01-25,1100,0.00,3975.26,Payment invoice 669 C1021,AR
JE00670,2026-01-25,1000,2636.45,0.00,Payment invoice 699 C1022,AR
JE00670,2026-01-25,1100,0.00,2636.45,Payment invoice 699 C1022,AR
JE00671,2026-01-26,1000,2270.09,0.00,Payment invoice 15 C1000,AR
JE00671,2026-01-26,1100,0.00,2270.09,Payment invoice 15 C1000,AR
JE00672,2026-01-26,1000,2513.81,0.00,Payment invoice 185 C1006,AR
JE00672,2026-01-26,1100,0.00,2513.81,Payment invoice 185 C1006,AR
JE00673,2026-01-26,1100,4773.33,0.00,Invoice 244 C1008,AR
JE00673,2026-01-26,4000,0.00,4773.33,Invoice 244 C1008,AR
JE00674,2026-01-26,1000,4223.09,0.00,Payment invoice 359 C1011,AR
JE00674,2026-01-26,1100,0.00,4223.09,Payment invoice 359 C1011,AR
JE00675,2026-01-26,1100,2611.20,0.00,Invoice 382 C1011,AR
JE00675,2026-01-26,4000,0.00,2611.20,Invoice 382 C1011,AR
JE00676,2026-01-26,1100,4581.91,0.00,Invoice 567 C1018,AR
JE00676,2026-01-26,4000,0.00,4581.91,Invoice 567 C1018,AR
JE00677,2026-01-26,1100,611.39,0.00,Invoice 602 C1019,AR
JE00677,2026-01-26,4000,0.00,611.39,Invoice 602 C1019,AR
JE00678,2026-01-26,1000,3185.92,0.00,Payment invoice 618 C1019,AR
JE00678,2026-01-26,1100,0.00,3185.92,Payment invoice 618 C1019,AR
JE00679,2026-01-26,1100,4810.75,0.00,Invoice 740 C1024,AR
JE00679,2026-01-26,4000,0.00,4810.75,Invoice 740 C1024,AR
JE00680,2026-01-27,1000,2631.97,0.00,Payment invoice 37 C1000,AR
JE00680,2026-01-27,1100,0.00,2631.97,Payment invoice 37 C1000,AR
JE00681,2026-01-27,1100,1167.85,0.00,Invoice 126 C1004,AR
JE00681,2026-01-27,4000,0.00,1167.85,Invoice 126 C1004,AR
JE00682,2026-01-27,1000,3815.27,0.00,Payment invoice 154 C1005,AR
JE00682,2026-01-27,1100,0.00,3815.27,Payment invoice 154 C1005,AR
JE00683,2026-01-27,1000,4042.08,0.00,Payment invoice 388 C1012,AR
JE00683,2026-01-27,1100,0.00,4042.08,Payment invoice 388 C1012,AR
JE00684,2026-01-27,1000,1055.23,0.00,Payment invoice 559 C1017,AR
JE00684,2026-01-27,1100,0.00,1055.23,Payment invoice 559 C1017,AR
JE00685,2026-01-27,1100,4295.56,0.00,Invoice 636 C1020,AR
JE00685,2026-01-27,4000,0.00,4295.56,Invoice 636 C1020,AR
JE00686,2026-01-27,1100,566.86,0.00,Invoice 706 C1023,AR
JE00686,2026-01-27,4000,0.00,566.86,Invoice 706 C1023,AR
JE00687,2026-01-27,1000,1391.80,0.00,Payment invoice 730 C1023,AR
JE00687,2026-01-27,1100,0.00,1391.80,Payment invoice 730 C1023,AR
JE00688,2026-01-28,1100,1623.02,0.00,Invoice 33 C1000,AR
JE00688,2026-01-28,4000,0.00,1623.02,Invoice 33 C1000,AR
JE00689,2026-01-28,1100,1616.97,0.00,Invoice 123 C1004,AR
JE00689,2026-01-28,4000,0.00,1616.97,Invoice 123 C1004,AR
JE00690,2026-01-28,1100,2658.64,0.00,Invoice 212 C1007,AR
JE00690,2026-01-28,4000,0.00,2658.64,Invoice 212 C1007,AR
JE00691,2026-01-28,1000,3958.86,0.00,Payment invoice 241 C1007,AR
JE00691,2026-01-28,1100,0.00,3958.86,Payment invoice 241 C1007,AR
JE00692,2026-01-28,1100,1305.69,0.00,Invoice 255 C1008,AR
JE00692,2026-01-28,4000,0.00,1305.69,Invoice 255 C1008,AR
JE00693,2026-01-28,1000,1735.22,0.00,Payment invoice 293 C1009,AR
JE00693,2026-01-28,1100,0.00,1735.22,Payment invoice 293 C1009,AR
JE00694,2026-01-28,1100,2119.96,0.00,Invoice 345 C1010,AR
JE00694,2026-01-28,4000,0.00,2119.96,Invoice 345 C1010,AR
JE00695,2026-01-28,1100,3044.61,0.00,Invoice 348 C1011,AR
JE00695,2026-01-28,4000,0.00,3044.61,Invoice 348 C1011,AR
JE00696,2026-01-28,1000,4200.56,0.00,Payment invoice 375 C1011,AR
JE00696,2026-01-28,1100,0.00,4200.56,Payment invoice 375 C1011,AR
JE00697,2026-01-28,1000,1867.15,0.00,Payment invoice 474 C1014,AR
JE00697,2026-01-28,1100,0.00,1867.15,Payment invoice 474 C1014,AR
JE00698,2026-01-28,1100,2291.13,0.00,Invoice 555 C1017,AR
JE00698,2026-01-28,4000,0.00,2291.13,Invoice 555 C1017,AR
JE00699,2026-01-28,1000,1308.73,0.00,Payment invoice 558 C1017,AR
JE00699,2026-01-28,1100,0.00,1308.73,Payment invoice 558 C1017,AR
JE00700,2026-01-28,1000,3166.01,0.00,Payment invoice 581 C1018,AR
JE00700,2026-01-28,1100,0.00,3166.01,Payment invoice 581 C1018,AR
JE00701,2026-01-28,1100,2369.51,0.00,Invoice 596 C1019,AR
JE00701,2026-01-28,4000,0.00,2369.51,Invoice 596 C1019,AR
JE00702,2026-01-28,1100,2083.64,0.00,Invoice 693 C1022,AR
JE00702,2026-01-28,4000,0.00,2083.64,Invoice 693 C1022,AR
JE00703,2026-01-29,1000,4141.13,0.00,Payment invoice 25 C1000,AR
JE00703,2026-01-29,1100,0.00,4141.13,Payment invoice 25 C1000,AR
JE00704,2026-01-29,1100,984.79,0.00,Invoice 70 C1002,AR
JE00704,2026-01-29,4000,0.00,984.79,Invoice 70 C1002,AR
JE00705,2026-01-29,1000,1001.13,0.00,Payment invoice 80 C1003,AR
JE00705,2026-01-29,1100,0.00,1001.13,Payment invoice 80 C1003,AR
JE00706,2026-01-29,1100,2290.09,0.00,Invoice 103 C1003,AR
JE00706,2026-01-29,4000,0.00,2290.09,Invoice 103 C1003,AR
JE00707,2026-01-29,1100,3222.47,0.00,Invoice 152 C1004,AR
JE00707,2026-01-29,4000,0.00,3222.47,Invoice 152 C1004,AR
JE00708,2026-01-29,1000,637.41,0.00,Payment invoice 159 C1005,AR
JE00708,2026-01-29,1100,0.00,637.41,Payment invoice 159 C1005,AR
JE00709,2026-01-29,1100,1716.52,0.00,Invoice 265 C1008,AR
JE00709,2026-01-29,4000,0.00,1716.52,Invoice 265 C1008,AR
JE00710,2026-01-29,1100,535.83,0.00,Invoice 287 C1009,AR
JE00710,2026-01-29,4000,0.00,535.83,Invoice 287 C1009,AR
JE00711,2026-01-29,1000,2762.90,0.00,Payment invoice 371 C1011,AR
JE00711,2026-01-29,1100,0.00,2762.90,Payment invoice 371 C1011,AR
JE00712,2026-01-29,1100,4291.65,0.00,Invoice 718 C1023,AR
JE00712,2026-01-29,4000,0.00,4291.65,Invoice 718 C1023,AR
JE00713,2026-01-29,2000,6368.64,0.00,Payment bill 52 Prairie Utilities,AP
JE00713,2026-01-29,1000,0.00,6368.64,Payment bill 52 Prairie Utilities,AP
JE00714,2026-01-30,1000,2918.72,0.00,Payment invoice 96 C1003,AR
JE00714,2026-01-30,1100,0.00,2918.72,Payment invoice 96 C1003,AR
JE00715,2026-01-30,1000,4804.43,0.00,Payment invoice 107 C1003,AR
JE00715,2026-01-30,1100,0.00,4804.43,Payment invoice 107 C1003,AR
JE00716,2026-01-30,1100,2796.26,0.00,Invoice 149 C1004,AR
JE00716,2026-01-30,4000,0.00,2796.26,Invoice 149 C1004,AR
JE00717,2026-01-30,1100,4081.58,0.00,Invoice 240 C1007,AR
JE00717,2026-01-30,4000,0.00,4081.58,Invoice 240 C1007,AR
JE00718,2026-01-30,1100,2323.23,0.00,Invoice 289 C1009,AR
JE00718,2026-01-30,4000,0.00,2323.23,Invoice 289 C1009,AR
JE00719,2026-01-30,1100,4751.75,0.00,Invoice 294 C1009,AR
JE00719,2026-01-30,4000,0.00,4751.75,Invoice 294 C1009,AR
JE00720,2026-01-30,1000,2697.25,0.00,Payment invoice 324 C1010,AR
JE00720,2026-01-30,1100,0.00,2697.25,Payment invoice 324 C1010,AR
JE00721,2026-01-30,1000,2201.22,0.00,Payment invoice 369 C1011,AR
JE00721,2026-01-30,1100,0.00,2201.22,Payment invoice 369 C1011,AR
JE00722,2026-01-30,1100,4483.63,0.00,Invoice 488 C1015,AR
JE00722,2026-01-30,4000,0.00,4483.63,Invoice 488 C1015,AR
JE00723,2026-01-30,1100,1311.82,0.00,Invoice 544 C1017,AR
JE00723,2026-01-30,4000,0.00,1311.82,Invoice 544 C1017,AR
JE00724,2026-01-30,1100,2654.52,0.00,Invoice 654 C1021,AR
JE00724,2026-01-30,4000,0.00,2654.52,Invoice 654 C1021,AR
JE00725,2026-01-31,1100,3466.47,0.00,Invoice 24 C1000,AR
JE00725,2026-01-31,4000,0.00,3466.47,Invoice 24 C1000,AR
JE00726,2026-01-31,1100,3535.05,0.00,Invoice 57 C1002,AR
JE00726,2026-01-31,4000,0.00,3535.05,Invoice 57 C1002,AR
JE00727,2026-01-31,1000,528.81,0.00,Payment invoice 230 C1007,AR
JE00727,2026-01-31,1100,0.00,528.81,Payment invoice 230 C1007,AR
JE00728,2026-01-31,1000,3138.20,0.00,Payment invoice 236 C1007,AR
JE00728,2026-01-31,1100,0.00,3138.20,Payment invoice 236 C1007,AR
JE00729,2026-01-31,1000,876.93,0.00,Payment invoice 393 C1012,AR
JE00729,2026-01-31,1100,0.00,876.93,Payment invoice 393 C1012,AR
JE00730,2026-01-31,1000,604.27,0.00,Payment invoice 421 C1013,AR
JE00730,2026-01-31,1100,0.00,604.27,Payment invoice 421 C1013,AR
JE00731,2026-01-31,1000,3233.22,0.00,Payment invoice 428 C1013,AR
JE00731,2026-01-31,1100,0.00,3233.22,Payment invoice 428 C1013,AR
JE00732,2026-01-31,1100,1829.13,0.00,Invoice 456 C1014,AR
JE00732,2026-01-31,4000,0.00,1829.13,Invoice 456 C1014,AR
JE00733,2026-01-31,1000,2209.38,0.00,Payment invoice 606 C1019,AR
JE00733,2026-01-31,1100,0.00,2209.38,Payment invoice 606 C1019,AR
JE00734,2026-01-31,1000,4877.24,0.00,Payment invoice 620 C1019,AR
JE00734,2026-01-31,1100,0.00,4877.24,Payment invoice 620 C1019,AR
JE00735,2026-01-31,1000,1948.46,0.00,Payment invoice 641 C1020,AR
JE00735,2026-01-31,1100,0.00,1948.46,Payment invoice 641 C1020,AR
JE00736,2026-01-31,1100,1358.22,0.00,Invoice 704 C1022,AR
JE00736,2026-01-31,4000,0.00,1358.22,Invoice 704 C1022,AR
JE00737,2026-01-31,2000,13201.66,0.00,Payment bill 49 Pioneer Marketing Co,AP
JE00737,2026-01-31,1000,0.00,13201.66,Payment bill 49 Pioneer Marketing Co,AP
JE00738,2026-01-31,6170,8319.35,0.00,Employee benefits,Payroll
JE00738,2026-01-31,1000,0.00,8319.35,Employee benefits,Payroll
JE00739,2026-01-31,6800,4200.00,0.00,Monthly depreciation,Depreciation
JE00739,2026-01-31,1590,0.00,4200.00,Monthly depreciation,Depreciation
JE00740,2026-02-01,1000,4279.78,0.00,Payment invoice 18 C1000,AR
JE00740,2026-02-01,1100,0.00,4279.78,Payment invoice 18 C1000,AR
JE00741,2026-02-01,1100,2567.26,0.00,Invoice 163 C1005,AR
JE00741,2026-02-01,4000,0.00,2567.26,Invoice 163 C1005,AR
JE00742,2026-02-01,1000,1305.74,0.00,Payment invoice 332 C1010,AR
JE00742,2026-02-01,1100,0.00,1305.74,Payment invoice 332 C1010,AR
JE00743,2026-02-01,2000,14706.78,0.00,Payment bill 31 Lakeshore Packaging,AP
JE00743,2026-02-01,1000,0.00,14706.78,Payment bill 31 Lakeshore Packaging,AP
JE00744,2026-02-02,1000,1497.61,0.00,Payment invoice 8 C1000,AR
JE00744,2026-02-02,1100,0.00,1497.61,Payment invoice 8 C1000,AR
JE00745,2026-02-02,1100,1324.50,0.00,Invoice 82 C1003,AR
JE00745,2026-02-02,4000,0.00,1324.50,Invoice 82 C1003,AR
JE00746,2026-02-02,1000,4137.14,0.00,Payment invoice 98 C1003,AR
JE00746,2026-02-02,1100,0.00,4137.14,Payment invoice 98 C1003,AR
JE00747,2026-02-02,1100,2680.44,0.00,Invoice 148 C1004,AR
JE00747,2026-02-02,4000,0.00,2680.44,Invoice 148 C1004,AR
JE00748,2026-02-02,1100,4400.23,0.00,Invoice 157 C1005,AR
JE00748,2026-02-02,4000,0.00,4400.23,Invoice 157 C1005,AR
JE00749,2026-02-02,1100,4837.05,0.00,Invoice 158 C1005,AR
JE00749,2026-02-02,4000,0.00,4837.05,Invoice 158 C1005,AR
JE00750,2026-02-02,1100,3387.21,0.00,Invoice 186 C1006,AR
JE00750,2026-02-02,4000,0.00,3387.21,Invoice 186 C1006,AR
JE00751,2026-02-02,1100,1909.43,0.00,Invoice 200 C1006,AR
JE00751,2026-02-02,4000,0.00,1909.43,Invoice 200 C1006,AR
JE00752,2026-02-02,1000,2665.19,0.00,Payment invoice 204 C1006,AR
JE00752,2026-02-02,1100,0.00,2665.19,Payment invoice 204 C1006,AR
JE00753,2026-02-02,1100,3239.77,0.00,Invoice 398 C1012,AR
JE00753,2026-02-02,4000,0.00,3239.77,Invoice 398 C1012,AR
JE00754,2026-02-02,1000,3451.94,0.00,Payment invoice 501 C1015,AR
JE00754,2026-02-02,1100,0.00,3451.94,Payment invoice 501 C1015,AR
JE00755,2026-02-02,1000,3513.83,0.00,Payment invoice 506 C1015,AR
JE00755,2026-02-02,1100,0.00,3513.83,Payment invoice 506 C1015,AR
JE00756,2026-02-02,1000,534.14,0.00,Payment invoice 595 C1019,AR
JE00756,2026-02-02,1100,0.00,534.14,Payment invoice 595 C1019,AR
JE00757,2026-02-02,1100,4304.51,0.00,Invoice 621 C1019,AR
JE00757,2026-02-02,4000,0.00,4304.51,Invoice 621 C1019,AR
JE00758,2026-02-02,1000,910.91,0.00,Payment invoice 717 C1023,AR
JE00758,2026-02-02,1100,0.00,910.91,Payment invoice 717 C1023,AR
JE00759,2026-02-03,1100,2873.21,0.00,Invoice 35 C1000,AR
JE00759,2026-02-03,4000,0.00,2873.21,Invoice 35 C1000,AR
JE00760,2026-02-03,1100,2374.72,0.00,Invoice 260 C1008,AR
JE00760,2026-02-03,4000,0.00,2374.72,Invoice 260 C1008,AR
JE00761,2026-02-03,1000,4448.12,0.00,Payment invoice 472 C1014,AR
JE00761,2026-02-03,1100,0.00,4448.12,Payment invoice 472 C1014,AR
JE00762,2026-02-03,1000,4873.15,0.00,Payment invoice 651 C1021,AR
JE00762,2026-02-03,1100,0.00,4873.15,Payment invoice 651 C1021,AR
JE00763,2026-02-04,1100,4549.18,0.00,Invoice 39 C1000,AR
JE00763,2026-02-04,4000,0.00,4549.18,Invoice 39 C1000,AR
JE00764,2026-02-04,1000,2749.10,0.00,Payment invoice 54 C1001,AR
JE00764,2026-02-04,1100,0.00,2749.10,Payment invoice 54 C1001,AR
JE00765,2026-02-04,1000,907.20,0.00,Payment invoice 84 C1003,AR
JE00765,2026-02-04,1100,0.00,907.20,Payment invoice 84 C1003,AR
JE00766,2026-02-04,1100,2420.39,0.00,Invoice 114 C1003,AR
JE00766,2026-02-04,4000,0.00,2420.39,Invoice 114 C1003,AR
JE00767,2026-02-04,1100,4027.77,0.00,Invoice 215 C1007,AR
JE00767,2026-02-04,4000,0.00,4027.77,Invoice 215 C1007,AR
JE00768,2026-02-04,1100,3592.59,0.00,Invoice 218 C1007,AR
JE00768,2026-02-04,4000,0.00,3592.59,Invoice 218 C1007,AR
JE00769,2026-02-04,1000,3986.17,0.00,Payment invoice 250 C1008,AR
JE00769,2026-02-04,1100,0.00,3986.17,Payment invoice 250 C1008,AR
JE00770,2026-02-04,1100,4544.08,0.00,Invoice 415 C1013,AR
JE00770,2026-02-04,4000,0.00,4544.08,Invoice 415 C1013,AR
JE00771,2026-02-04,1100,4412.18,0.00,Invoice 510 C1016,AR
JE00771,2026-02-04,4000,0.00,4412.18,Invoice 510 C1016,AR
JE00772,2026-02-04,1000,2437.79,0.00,Payment invoice 512 C1016,AR
JE00772,2026-02-04,1100,0.00,2437.79,Payment invoice 512 C1016,AR
JE00773,2026-02-04,1000,1646.33,0.00,Payment invoice 721 C1023,AR
JE00773,2026-02-04,1100,0.00,1646.33,Payment invoice 721 C1023,AR
JE00774,2026-02-05,1100,2122.09,0.00,Invoice 83 C1003,AR
JE00774,2026-02-05,4000,0.00,2122.09,Invoice 83 C1003,AR
JE00775,2026-02-05,1100,3381.60,0.00,Invoice 143 C1004,AR
JE00775,2026-02-05,4000,0.00,3381.60,Invoice 143 C1004,AR
JE00776,2026-02-05,1000,1792.75,0.00,Payment invoice 245 C1008,AR
JE00776,2026-02-05,1100,0.00,1792.75,Payment invoice 245 C1008,AR
JE00777,2026-02-05,1100,1712.02,0.00,Invoice 284 C1009,AR
JE00777,2026-02-05,4000,0.00,1712.02,Invoice 284 C1009,AR
JE00778,2026-02-05,1100,3751.66,0.00,Invoice 468 C1014,AR
JE00778,2026-02-05,4000,0.00,3751.66,Invoice 468 C1014,AR
JE00779,2026-02-05,1000,1568.72,0.00,Payment invoice 524 C1016,AR
JE00779,2026-02-05,1100,0.00,1568.72,Payment invoice 524 C1016,AR
JE00780,2026-02-05,1100,3527.40,0.00,Invoice 663 C1021,AR
JE00780,2026-02-05,4000,0.00,3527.40,Invoice 663 C1021,AR
JE00781,2026-02-05,1100,1972.97,0.00,Invoice 668 C1021,AR
JE00781,2026-02-05,4000,0.00,1972.97,Invoice 668 C1021,AR
JE00782,2026-02-05,1100,3528.48,0.00,Invoice 686 C1022,AR
JE00782,2026-02-05,4000,0.00,3528.48,Invoice 686 C1022,AR
JE00783,2026-02-05,2000,11711.21,0.00,Payment bill 48 Summit Contract Labor,AP
JE00783,2026-02-05,1000,0.00,11711.21,Payment bill 48 Summit Contract Labor,AP
JE00784,2026-02-06,1000,4785.10,0.00,Payment invoice 10 C1000,AR
JE00784,2026-02-06,1100,0.00,4785.10,Payment invoice 10 C1000,AR
JE00785,2026-02-06,1000,1767.00,0.00,Payment invoice 238 C1007,AR
JE00785,2026-02-06,1100,0.00,1767.00,Payment invoice 238 C1007,AR
JE00786,2026-02-06,1100,4673.91,0.00,Invoice 309 C1010,AR
JE00786,2026-02-06,4000,0.00,4673.91,Invoice 309 C1010,AR
JE00787,2026-02-06,1100,3709.18,0.00,Invoice 442 C1014,AR
JE00787,2026-02-06,4000,0.00,3709.18,Invoice 442 C1014,AR
JE00788,2026-02-06,1100,669.90,0.00,Invoice 518 C1016,AR
JE00788,2026-02-06,4000,0.00,669.90,Invoice 518 C1016,AR
JE00789,2026-02-06,1100,3360.53,0.00,Invoice 600 C1019,AR
JE00789,2026-02-06,4000,0.00,3360.53,Invoice 600 C1019,AR
JE00790,2026-02-06,1100,2712.55,0.00,Invoice 649 C1020,AR
JE00790,2026-02-06,4000,0.00,2712.55,Invoice 649 C1020,AR
JE00791,2026-02-06,1100,1885.06,0.00,Invoice 682 C1021,AR
JE00791,2026-02-06,4000,0.00,1885.06,Invoice 682 C1021,AR
JE00792,2026-02-06,1100,2701.70,0.00,Invoice 720 C1023,AR
JE00792,2026-02-06,4000,0.00,2701.70,Invoice 720 C1023,AR
JE00793,2026-02-06,1000,2789.68,0.00,Payment invoice 738 C1024,AR
JE00793,2026-02-06,1100,0.00,2789.68,Payment invoice 738 C1024,AR
JE00794,2026-02-06,6100,15624.62,0.00,Payroll run,Payroll
JE00794,2026-02-06,6110,11807.69,0.00,Payroll run,Payroll
JE00794,2026-02-06,6120,8109.89,0.00,Payroll run,Payroll
JE00794,2026-02-06,6130,9000.00,0.00,Payroll run,Payroll
JE00794,2026-02-06,6160,3786.09,0.00,Payroll run,Payroll
JE00794,2026-02-06,1000,0.00,48328.29,Payroll run,Payroll
JE00795,2026-02-07,1100,1215.25,0.00,Invoice 74 C1002,AR
JE00795,2026-02-07,4000,0.00,1215.25,Invoice 74 C1002,AR
JE00796,2026-02-07,1100,4870.43,0.00,Invoice 119 C1004,AR
JE00796,2026-02-07,4000,0.00,4870.43,Invoice 119 C1004,AR
JE00797,2026-02-07,1100,3099.25,0.00,Invoice 351 C1011,AR
JE00797,2026-02-07,4000,0.00,3099.25,Invoice 351 C1011,AR
JE00798,2026-02-07,1000,935.91,0.00,Payment invoice 604 C1019,AR
JE00798,2026-02-07,1100,0.00,935.91,Payment invoice 604 C1019,AR
JE00799,2026-02-07,2000,16046.40,0.00,Payment bill 41 Apex Materials,AP
JE00799,2026-02-07,1000,0.00,16046.40,Payment bill 41 Apex Materials,AP
JE00800,2026-02-07,5000,21608.15,0.00,Bill 58 Northwind Components,AP
JE00800,2026-02-07,2000,0.00,21608.15,Bill 58 Northwind Components,AP
JE00801,2026-02-08,1000,4713.98,0.00,Payment invoice 13 C1000,AR
JE00801,2026-02-08,1100,0.00,4713.98,Payment invoice 13 C1000,AR
JE00802,2026-02-08,1100,4487.11,0.00,Invoice 153 C1004,AR
JE00802,2026-02-08,4000,0.00,4487.11,Invoice 153 C1004,AR
JE00803,2026-02-08,1100,4190.67,0.00,Invoice 173 C1005,AR
JE00803,2026-02-08,4000,0.00,4190.67,Invoice 173 C1005,AR
JE00804,2026-02-08,1100,3357.19,0.00,Invoice 315 C1010,AR
JE00804,2026-02-08,4000,0.00,3357.19,Invoice 315 C1010,AR
JE00805,2026-02-08,1100,3550.89,0.00,Invoice 500 C1015,AR
JE00805,2026-02-08,4000,0.00,3550.89,Invoice 500 C1015,AR
JE00806,2026-02-08,1000,1175.22,0.00,Payment invoice 517 C1016,AR
JE00806,2026-02-08,1100,0.00,1175.22,Payment invoice 517 C1016,AR
JE00807,2026-02-08,1100,911.57,0.00,Invoice 610 C1019,AR
JE00807,2026-02-08,4000,0.00,911.57,Invoice 610 C1019,AR
JE00808,2026-02-08,5000,13956.77,0.00,Bill 60 Apex Materials,AP
JE00808,2026-02-08,2000,0.00,13956.77,Bill 60 Apex Materials,AP
JE00809,2026-02-08,6220,5740.09,0.00,Bill 62 Bright Accounting Group,AP
JE00809,2026-02-08,2000,0.00,5740.09,Bill 62 Bright Accounting Group,AP
JE00810,2026-02-09,1000,598.32,0.00,Payment invoice 223 C1007,AR
JE00810,2026-02-09,1100,0.00,598.32,Payment invoice 223 C1007,AR
JE00811,2026-02-09,1000,3629.40,0.00,Payment invoice 269 C1008,AR
JE00811,2026-02-09,1100,0.00,3629.40,Payment invoice 269 C1008,AR
JE00812,2026-02-09,1100,1704.47,0.00,Invoice 370 C1011,AR
JE00812,2026-02-09,4000,0.00,1704.47,Invoice 370 C1011,AR
JE00813,2026-02-09,1100,743.95,0.00,Invoice 451 C1014,AR
JE00813,2026-02-09,4000,0.00,743.95,Invoice 451 C1014,AR
JE00814,2026-02-09,1000,4971.18,0.00,Payment invoice 530 C1016,AR
JE00814,2026-02-09,1100,0.00,4971.18,Payment invoice 530 C1016,AR
JE00815,2026-02-09,1000,932.13,0.00,Payment invoice 548 C1017,AR
JE00815,2026-02-09,1100,0.00,932.13,Payment invoice 548 C1017,AR
JE00816,2026-02-09,1100,1039.18,0.00,Invoice 679 C1021,AR
JE00816,2026-02-09,4000,0.00,1039.18,Invoice 679 C1021,AR
JE00817,2026-02-09,1100,865.91,0.00,Invoice 731 C1023,AR
JE00817,2026-02-09,4000,0.00,865.91,Invoice 731 C1023,AR
JE00818,2026-02-09,2000,8442.47,0.00,Payment bill 53 Cedar Property Mgmt,AP
JE00818,2026-02-09,1000,0.00,8442.47,Payment bill 53 Cedar Property Mgmt,AP
JE00819,2026-02-09,5000,7439.15,0.00,Bill 63 Harbor Freight & Logistics,AP
JE00819,2026-02-09,2000,0.00,7439.15,Bill 63 Harbor Freight & Logistics,AP
JE00820,2026-02-09,6230,9005.83,0.00,Bill 65 Evergreen Insurance,AP
JE00820,2026-02-09,2000,0.00,9005.83,Bill 65 Evergreen Insurance,AP
JE00821,2026-02-10,1100,3160.19,0.00,Invoice 5 C1000,AR
JE00821,2026-02-10,4000,0.00,3160.19,Invoice 5 C1000,AR
JE00822,2026-02-10,1000,4849.69,0.00,Payment invoice 85 C1003,AR
JE00822,2026-02-10,1100,0.00,4849.69,Payment invoice 85 C1003,AR
JE00823,2026-02-10,1000,4772.06,0.00,Payment invoice 247 C1008,AR
JE00823,2026-02-10,1100,0.00,4772.06,Payment invoice 247 C1008,AR
JE00824,2026-02-10,1100,3785.74,0.00,Invoice 249 C1008,AR
JE00824,2026-02-10,4000,0.00,3785.74,Invoice 249 C1008,AR
JE00825,2026-02-10,1100,948.63,0.00,Invoice 320 C1010,AR
JE00825,2026-02-10,4000,0.00,948.63,Invoice 320 C1010,AR
JE00826,2026-02-10,1100,2919.79,0.00,Invoice 330 C1010,AR
JE00826,2026-02-10,4000,0.00,2919.79,Invoice 330 C1010,AR
JE00827,2026-02-10,1100,3491.45,0.00,Invoice 465 C1014,AR
JE00827,2026-02-10,4000,0.00,3491.45,Invoice 465 C1014,AR
JE00828,2026-02-10,2000,20567.67,0.00,Payment bill 21 Northwind Components,AP
JE00828,2026-02-10,1000,0.00,20567.67,Payment bill 21 Northwind Components,AP
JE00829,2026-02-10,2000,7411.01,0.00,Payment bill 27 Evergreen Insurance,AP
JE00829,2026-02-10,1000,0.00,7411.01,Payment bill 27 Evergreen Insurance,AP
JE00830,2026-02-10,5000,10429.38,0.00,Bill 66 Summit Contract Labor,AP
JE00830,2026-02-10,2000,0.00,10429.38,Bill 66 Summit Contract Labor,AP
JE00831,2026-02-10,6240,11316.22,0.00,Bill 68 Pioneer Marketing Co,AP
JE00831,2026-02-10,2000,0.00,11316.22,Bill 68 Pioneer Marketing Co,AP
JE00832,2026-02-10,7000,2855.53,0.00,Term loan payment,Loan
JE00832,2026-02-10,2500,6144.47,0.00,Term loan payment,Loan
JE00832,2026-02-10,1000,0.00,9000.00,Term loan payment,Loan
JE00833,2026-02-11,1000,2154.58,0.00,Payment invoice 270 C1008,AR
JE00833,2026-02-11,1100,0.00,2154.58,Payment invoice 270 C1008,AR
JE00834,2026-02-11,1100,896.13,0.00,Invoice 276 C1008,AR
JE00834,2026-02-11,4000,0.00,896.13,Invoice 276 C1008,AR
JE00835,2026-02-11,1100,1760.78,0.00,Invoice 280 C1008,AR
JE00835,2026-02-11,4000,0.00,1760.78,Invoice 280 C1008,AR
JE00836,2026-02-11,1000,3193.52,0.00,Payment invoice 305 C1009,AR
JE00836,2026-02-11,1100,0.00,3193.52,Payment invoice 305 C1009,AR
JE00837,2026-02-11,1000,1349.56,0.00,Payment invoice 377 C1011,AR
JE00837,2026-02-11,1100,0.00,1349.56,Payment invoice 377 C1011,AR
JE00838,2026-02-11,1000,2021.71,0.00,Payment invoice 435 C1013,AR
JE00838,2026-02-11,1100,0.00,2021.71,Payment invoice 435 C1013,AR
JE00839,2026-02-11,1000,1175.26,0.00,Payment invoice 463 C1014,AR
JE00839,2026-02-11,1100,0.00,1175.26,Payment invoice 463 C1014,AR
JE00840,2026-02-11,1100,1532.56,0.00,Invoice 640 C1020,AR
JE00840,2026-02-11,4000,0.00,1532.56,Invoice 640 C1020,AR
JE00841,2026-02-11,1100,2056.25,0.00,Invoice 729 C1023,AR
JE00841,2026-02-11,4000,0.00,2056.25,Invoice 729 C1023,AR
JE00842,2026-02-11,1100,1691.29,0.00,Invoice 743 C1024,AR
JE00842,2026-02-11,4000,0.00,1691.29,Invoice 743 C1024,AR
JE00843,2026-02-11,5000,10910.50,0.00,Bill 69 Lakeshore Packaging,AP
JE00843,2026-02-11,2000,0.00,10910.50,Bill 69 Lakeshore Packaging,AP
JE00844,2026-02-11,6250,3837.19,0.00,Bill 70 Delta Equipment Service,AP
JE00844,2026-02-11,2000,0.00,3837.19,Bill 70 Delta Equipment Service,AP
JE00845,2026-02-12,1100,716.89,0.00,Invoice 109 C1003,AR
JE00845,2026-02-12,4000,0.00,716.89,Invoice 109 C1003,AR
JE00846,2026-02-12,1100,4722.78,0.00,Invoice 467 C1014,AR
JE00846,2026-02-12,4000,0.00,4722.78,Invoice 467 C1014,AR
JE00847,2026-02-12,1100,1878.63,0.00,Invoice 619 C1019,AR
JE00847,2026-02-12,4000,0.00,1878.63,Invoice 619 C1019,AR
JE00848,2026-02-12,1000,4790.15,0.00,Payment invoice 638 C1020,AR
JE00848,2026-02-12,1100,0.00,4790.15,Payment invoice 638 C1020,AR
JE00849,2026-02-12,6200,6242.43,0.00,Bill 71 Prairie Utilities,AP
JE00849,2026-02-12,2000,0.00,6242.43,Bill 71 Prairie Utilities,AP
JE00850,2026-02-13,1000,4176.68,0.00,Payment invoice 40 C1000,AR
JE00850,2026-02-13,1100,0.00,4176.68,Payment invoice 40 C1000,AR
JE00851,2026-02-13,1000,2573.84,0.00,Payment invoice 50 C1001,AR
JE00851,2026-02-13,1100,0.00,2573.84,Payment invoice 50 C1001,AR
JE00852,2026-02-13,1000,4170.33,0.00,Payment invoice 213 C1007,AR
JE00852,2026-02-13,1100,0.00,4170.33,Payment invoice 213 C1007,AR
JE00853,2026-02-13,1100,3394.58,0.00,Invoice 222 C1007,AR
JE00853,2026-02-13,4000,0.00,3394.58,Invoice 222 C1007,AR
JE00854,2026-02-13,1100,4491.59,0.00,Invoice 552 C1017,AR
JE00854,2026-02-13,4000,0.00,4491.59,Invoice 552 C1017,AR
JE00855,2026-02-13,1000,4551.86,0.00,Payment invoice 716 C1023,AR
JE00855,2026-02-13,1100,0.00,4551.86,Payment invoice 716 C1023,AR
JE00856,2026-02-13,6200,10241.13,0.00,Bill 72 Cedar Property Mgmt,AP
JE00856,2026-02-13,2000,0.00,10241.13,Bill 72 Cedar Property Mgmt,AP
JE00857,2026-02-14,1000,4245.10,0.00,Payment invoice 42 C1001,AR
JE00857,2026-02-14,1100,0.00,4245.10,Payment invoice 42 C1001,AR
JE00858,2026-02-14,1000,2528.80,0.00,Payment invoice 43 C1001,AR
JE00858,2026-02-14,1100,0.00,2528.80,Payment invoice 43 C1001,AR
JE00859,2026-02-14,1100,4439.90,0.00,Invoice 46 C1001,AR
JE00859,2026-02-14,4000,0.00,4439.90,Invoice 46 C1001,AR
JE00860,2026-02-14,1000,3171.28,0.00,Payment invoice 175 C1005,AR
JE00860,2026-02-14,1100,0.00,3171.28,Payment invoice 175 C1005,AR
JE00861,2026-02-14,1000,757.04,0.00,Payment invoice 180 C1005,AR
JE00861,2026-02-14,1100,0.00,757.04,Payment invoice 180 C1005,AR
JE00862,2026-02-14,1100,1919.15,0.00,Invoice 274 C1008,AR
JE00862,2026-02-14,4000,0.00,1919.15,Invoice 274 C1008,AR
JE00863,2026-02-14,1100,4186.77,0.00,Invoice 366 C1011,AR
JE00863,2026-02-14,4000,0.00,4186.77,Invoice 366 C1011,AR
JE00864,2026-02-14,2000,6933.20,0.00,Payment bill 56 Orbit SaaS Suite,AP
JE00864,2026-02-14,1000,0.00,6933.20,Payment bill 56 Orbit SaaS Suite,AP
JE00865,2026-02-14,6210,10690.60,0.00,Bill 74 CloudStack Hosting,AP
JE00865,2026-02-14,2000,0.00,10690.60,Bill 74 CloudStack Hosting,AP
JE00866,2026-02-15,1100,2224.57,0.00,Invoice 319 C1010,AR
JE00866,2026-02-15,4000,0.00,2224.57,Invoice 319 C1010,AR
JE00867,2026-02-15,1100,2769.05,0.00,Invoice 365 C1011,AR
JE00867,2026-02-15,4000,0.00,2769.05,Invoice 365 C1011,AR
JE00868,2026-02-15,1100,3647.77,0.00,Invoice 431 C1013,AR
JE00868,2026-02-15,4000,0.00,3647.77,Invoice 431 C1013,AR
JE00869,2026-02-15,1100,780.71,0.00,Invoice 489 C1015,AR
JE00869,2026-02-15,4000,0.00,780.71,Invoice 489 C1015,AR
JE00870,2026-02-15,1100,1372.74,0.00,Invoice 576 C1018,AR
JE00870,2026-02-15,4000,0.00,1372.74,Invoice 576 C1018,AR
JE00871,2026-02-15,2000,5498.09,0.00,Payment bill 43 Bright Accounting Group,AP
JE00871,2026-02-15,1000,0.00,5498.09,Payment bill 43 Bright Accounting Group,AP
JE00872,2026-02-15,6210,6781.21,0.00,Bill 75 Orbit SaaS Suite,AP
JE00872,2026-02-15,2000,0.00,6781.21,Bill 75 Orbit SaaS Suite,AP
JE00873,2026-02-16,1100,1137.56,0.00,Invoice 94 C1003,AR
JE00873,2026-02-16,4000,0.00,1137.56,Invoice 94 C1003,AR
JE00874,2026-02-16,1100,1903.11,0.00,Invoice 111 C1003,AR
JE00874,2026-02-16,4000,0.00,1903.11,Invoice 111 C1003,AR
JE00875,2026-02-16,1100,4345.56,0.00,Invoice 193 C1006,AR
JE00875,2026-02-16,4000,0.00,4345.56,Invoice 193 C1006,AR
JE00876,2026-02-16,1000,4117.38,0.00,Payment invoice 331 C1010,AR
JE00876,2026-02-16,1100,0.00,4117.38,Payment invoice 331 C1010,AR
JE00877,2026-02-16,1100,1380.38,0.00,Invoice 592 C1019,AR
JE00877,2026-02-16,4000,0.00,1380.38,Invoice 592 C1019,AR
JE00878,2026-02-16,1000,2549.95,0.00,Payment invoice 616 C1019,AR
JE00878,2026-02-16,1100,0.00,2549.95,Payment invoice 616 C1019,AR
JE00879,2026-02-16,2000,8908.76,0.00,Payment bill 44 Harbor Freight & Logistics,AP
JE00879,2026-02-16,1000,0.00,8908.76,Payment bill 44 Harbor Freight & Logistics,AP
JE00880,2026-02-16,6220,9367.25,0.00,Bill 76 Meridian Legal LLP,AP
JE00880,2026-02-16,2000,0.00,9367.25,Bill 76 Meridian Legal LLP,AP
JE00881,2026-02-17,1100,4734.56,0.00,Invoice 27 C1000,AR
JE00881,2026-02-17,4000,0.00,4734.56,Invoice 27 C1000,AR
JE00882,2026-02-17,1100,3702.42,0.00,Invoice 190 C1006,AR
JE00882,2026-02-17,4000,0.00,3702.42,Invoice 190 C1006,AR
JE00883,2026-02-17,1100,3191.35,0.00,Invoice 225 C1007,AR
JE00883,2026-02-17,4000,0.00,3191.35,Invoice 225 C1007,AR
JE00884,2026-02-18,1000,3203.75,0.00,Payment invoice 138 C1004,AR
JE00884,2026-02-18,1100,0.00,3203.75,Payment invoice 138 C1004,AR
JE00885,2026-02-18,1100,2299.68,0.00,Invoice 178 C1005,AR
JE00885,2026-02-18,4000,0.00,2299.68,Invoice 178 C1005,AR
JE00886,2026-02-18,1100,871.56,0.00,Invoice 352 C1011,AR
JE00886,2026-02-18,4000,0.00,871.56,Invoice 352 C1011,AR
JE00887,2026-02-18,1100,1547.23,0.00,Invoice 379 C1011,AR
JE00887,2026-02-18,4000,0.00,1547.23,Invoice 379 C1011,AR
JE00888,2026-02-18,1100,1547.78,0.00,Invoice 410 C1013,AR
JE00888,2026-02-18,4000,0.00,1547.78,Invoice 410 C1013,AR
JE00889,2026-02-18,1000,1070.41,0.00,Payment invoice 477 C1015,AR
JE00889,2026-02-18,1100,0.00,1070.41,Payment invoice 477 C1015,AR
JE00890,2026-02-18,1000,4051.70,0.00,Payment invoice 495 C1015,AR
JE00890,2026-02-18,1100,0.00,4051.70,Payment invoice 495 C1015,AR
JE00891,2026-02-18,2000,7700.00,0.00,Payment bill 45 Harbor Freight & Logistics,AP
JE00891,2026-02-18,1000,0.00,7700.00,Payment bill 45 Harbor Freight & Logistics,AP
JE00892,2026-02-18,5000,18021.25,0.00,Bill 59 Northwind Components,AP
JE00892,2026-02-18,2000,0.00,18021.25,Bill 59 Northwind Components,AP
JE00893,2026-02-19,1000,4007.93,0.00,Payment invoice 63 C1002,AR
JE00893,2026-02-19,1100,0.00,4007.93,Payment invoice 63 C1002,AR
JE00894,2026-02-19,1000,3727.19,0.00,Payment invoice 115 C1003,AR
JE00894,2026-02-19,1100,0.00,3727.19,Payment invoice 115 C1003,AR
JE00895,2026-02-19,1000,4257.09,0.00,Payment invoice 254 C1008,AR
JE00895,2026-02-19,1100,0.00,4257.09,Payment invoice 254 C1008,AR
JE00896,2026-02-19,1100,2443.96,0.00,Invoice 323 C1010,AR
JE00896,2026-02-19,4000,0.00,2443.96,Invoice 323 C1010,AR
JE00897,2026-02-19,1100,3657.31,0.00,Invoice 424 C1013,AR
JE00897,2026-02-19,4000,0.00,3657.31,Invoice 424 C1013,AR
JE00898,2026-02-19,1100,3364.03,0.00,Invoice 687 C1022,AR
JE00898,2026-02-19,4000,0.00,3364.03,Invoice 687 C1022,AR
JE00899,2026-02-19,2000,9797.34,0.00,Payment bill 55 CloudStack Hosting,AP
JE00899,2026-02-19,1000,0.00,9797.34,Payment bill 55 CloudStack Hosting,AP
JE00900,2026-02-19,5000,17075.24,0.00,Bill 61 Apex Materials,AP
JE00900,2026-02-19,2000,0.00,17075.24,Bill 61 Apex Materials,AP
JE00901,2026-02-20,1100,1865.16,0.00,Invoice 14 C1000,AR
JE00901,2026-02-20,4000,0.00,1865.16,Invoice 14 C1000,AR
JE00902,2026-02-20,1100,826.43,0.00,Invoice 161 C1005,AR
JE00902,2026-02-20,4000,0.00,826.43,Invoice 161 C1005,AR
JE00903,2026-02-20,1100,624.30,0.00,Invoice 184 C1005,AR
JE00903,2026-02-20,4000,0.00,624.30,Invoice 184 C1005,AR
JE00904,2026-02-20,1100,4313.06,0.00,Invoice 378 C1011,AR
JE00904,2026-02-20,4000,0.00,4313.06,Invoice 378 C1011,AR
JE00905,2026-02-20,1000,1751.89,0.00,Payment invoice 547 C1017,AR
JE00905,2026-02-20,1100,0.00,1751.89,Payment invoice 547 C1017,AR
JE00906,2026-02-20,1000,2951.17,0.00,Payment invoice 742 C1024,AR
JE00906,2026-02-20,1100,0.00,2951.17,Payment invoice 742 C1024,AR
JE00907,2026-02-20,2000,8941.25,0.00,Payment bill 54 Cedar Property Mgmt,AP
JE00907,2026-02-20,1000,0.00,8941.25,Payment bill 54 Cedar Property Mgmt,AP
JE00908,2026-02-20,5000,10120.27,0.00,Bill 64 Harbor Freight & Logistics,AP
JE00908,2026-02-20,2000,0.00,10120.27,Bill 64 Harbor Freight & Logistics,AP
JE00909,2026-02-20,6100,15624.62,0.00,Payroll run,Payroll
JE00909,2026-02-20,6110,11807.69,0.00,Payroll run,Payroll
JE00909,2026-02-20,6120,6923.08,0.00,Payroll run,Payroll
JE00909,2026-02-20,6130,9000.00,0.00,Payroll run,Payroll
JE00909,2026-02-20,6160,3685.21,0.00,Payroll run,Payroll
JE00909,2026-02-20,1000,0.00,47040.60,Payroll run,Payroll
JE00910,2026-02-21,1100,2049.90,0.00,Invoice 34 C1000,AR
JE00910,2026-02-21,4000,0.00,2049.90,Invoice 34 C1000,AR
JE00911,2026-02-21,1000,3730.85,0.00,Payment invoice 134 C1004,AR
JE00911,2026-02-21,1100,0.00,3730.85,Payment invoice 134 C1004,AR
JE00912,2026-02-21,1100,3948.46,0.00,Invoice 219 C1007,AR
JE00912,2026-02-21,4000,0.00,3948.46,Invoice 219 C1007,AR
JE00913,2026-02-21,1000,2950.14,0.00,Payment invoice 226 C1007,AR
JE00913,2026-02-21,1100,0.00,2950.14,Payment invoice 226 C1007,AR
JE00914,2026-02-21,1100,4254.63,0.00,Invoice 251 C1008,AR
JE00914,2026-02-21,4000,0.00,4254.63,Invoice 251 C1008,AR
JE00915,2026-02-21,1000,2393.87,0.00,Payment invoice 397 C1012,AR
JE00915,2026-02-21,1100,0.00,2393.87,Payment invoice 397 C1012,AR
JE00916,2026-02-21,5000,13676.92,0.00,Bill 67 Summit Contract Labor,AP
JE00916,2026-02-21,2000,0.00,13676.92,Bill 67 Summit Contract Labor,AP
JE00917,2026-02-22,1100,4374.54,0.00,Invoice 31 C1000,AR
JE00917,2026-02-22,4000,0.00,4374.54,Invoice 31 C1000,AR
JE00918,2026-02-22,1100,1448.37,0.00,Invoice 457 C1014,AR
JE00918,2026-02-22,4000,0.00,1448.37,Invoice 457 C1014,AR
JE00919,2026-02-22,1100,4588.11,0.00,Invoice 509 C1016,AR
JE00919,2026-02-22,4000,0.00,4588.11,Invoice 509 C1016,AR
JE00920,2026-02-22,1000,4781.69,0.00,Payment invoice 560 C1017,AR
JE00920,2026-02-22,1100,0.00,4781.69,Payment invoice 560 C1017,AR
JE00921,2026-02-22,1000,2802.38,0.00,Payment invoice 639 C1020,AR
JE00921,2026-02-22,1100,0.00,2802.38,Payment invoice 639 C1020,AR
JE00922,2026-02-22,1000,1669.30,0.00,Payment invoice 712 C1023,AR
JE00922,2026-02-22,1100,0.00,1669.30,Payment invoice 712 C1023,AR
JE00923,2026-02-23,1000,2287.58,0.00,Payment invoice 120 C1004,AR
JE00923,2026-02-23,1100,0.00,2287.58,Payment invoice 120 C1004,AR
JE00924,2026-02-23,1000,3745.78,0.00,Payment invoice 144 C1004,AR
JE00924,2026-02-23,1100,0.00,3745.78,Payment invoice 144 C1004,AR
JE00925,2026-02-23,1000,2200.52,0.00,Payment invoice 172 C1005,AR
JE00925,2026-02-23,1100,0.00,2200.52,Payment invoice 172 C1005,AR
JE00926,2026-02-23,1100,3225.79,0.00,Invoice 271 C1008,AR
JE00926,2026-02-23,4000,0.00,3225.79,Invoice 271 C1008,AR
JE00927,2026-02-23,1000,2105.88,0.00,Payment invoice 357 C1011,AR
JE00927,2026-02-23,1100,0.00,2105.88,Payment invoice 357 C1011,AR
JE00928,2026-02-23,1000,3611.32,0.00,Payment invoice 502 C1015,AR
JE00928,2026-02-23,1100,0.00,3611.32,Payment invoice 502 C1015,AR
JE00929,2026-02-23,1100,3890.60,0.00,Invoice 574 C1018,AR
JE00929,2026-02-23,4000,0.00,3890.60,Invoice 574 C1018,AR
JE00930,2026-02-23,1000,521.59,0.00,Payment invoice 671 C1021,AR
JE00930,2026-02-23,1100,0.00,521.59,Payment invoice 671 C1021,AR
JE00931,2026-02-23,1000,4395.83,0.00,Payment invoice 724 C1023,AR
JE00931,2026-02-23,1100,0.00,4395.83,Payment invoice 724 C1023,AR
JE00932,2026-02-23,2000,21884.21,0.00,Payment bill 39 Northwind Components,AP
JE00932,2026-02-23,1000,0.00,21884.21,Payment bill 39 Northwind Components,AP
JE00933,2026-02-23,2000,17767.36,0.00,Payment bill 42 Apex Materials,AP
JE00933,2026-02-23,1000,0.00,17767.36,Payment bill 42 Apex Materials,AP
JE00934,2026-02-24,1100,928.54,0.00,Invoice 171 C1005,AR
JE00934,2026-02-24,4000,0.00,928.54,Invoice 171 C1005,AR
JE00935,2026-02-24,1000,1824.12,0.00,Payment invoice 257 C1008,AR
JE00935,2026-02-24,1100,0.00,1824.12,Payment invoice 257 C1008,AR
JE00936,2026-02-24,1000,1038.86,0.00,Payment invoice 459 C1014,AR
JE00936,2026-02-24,1100,0.00,1038.86,Payment invoice 459 C1014,AR
JE00937,2026-02-24,1100,4737.96,0.00,Invoice 708 C1023,AR
JE00937,2026-02-24,4000,0.00,4737.96,Invoice 708 C1023,AR
JE00938,2026-02-24,2000,10429.38,0.00,Payment bill 66 Summit Contract Labor,AP
JE00938,2026-02-24,1000,0.00,10429.38,Payment bill 66 Summit Contract Labor,AP
JE00939,2026-02-24,6200,8906.72,0.00,Bill 73 Cedar Property Mgmt,AP
JE00939,2026-02-24,2000,0.00,8906.72,Bill 73 Cedar Property Mgmt,AP
JE00940,2026-02-25,1000,2364.41,0.00,Payment invoice 16 C1000,AR
JE00940,2026-02-25,1100,0.00,2364.41,Payment invoice 16 C1000,AR
JE00941,2026-02-25,1100,2760.07,0.00,Invoice 21 C1000,AR
JE00941,2026-02-25,4000,0.00,2760.07,Invoice 21 C1000,AR
JE00942,2026-02-25,1100,1249.49,0.00,Invoice 60 C1002,AR
JE00942,2026-02-25,4000,0.00,1249.49,Invoice 60 C1002,AR
JE00943,2026-02-25,1100,1660.86,0.00,Invoice 100 C1003,AR
JE00943,2026-02-25,4000,0.00,1660.86,Invoice 100 C1003,AR
JE00944,2026-02-25,1100,2954.20,0.00,Invoice 128 C1004,AR
JE00944,2026-02-25,4000,0.00,2954.20,Invoice 128 C1004,AR
JE00945,2026-02-25,1000,1713.92,0.00,Payment invoice 155 C1005,AR
JE00945,2026-02-25,1100,0.00,1713.92,Payment invoice 155 C1005,AR
JE00946,2026-02-25,1000,1714.95,0.00,Payment invoice 198 C1006,AR
JE00946,2026-02-25,1100,0.00,1714.95,Payment invoice 198 C1006,AR
JE00947,2026-02-25,1100,4569.80,0.00,Invoice 401 C1013,AR
JE00947,2026-02-25,4000,0.00,4569.80,Invoice 401 C1013,AR
JE00948,2026-02-25,1100,3538.63,0.00,Invoice 445 C1014,AR
JE00948,2026-02-25,4000,0.00,3538.63,Invoice 445 C1014,AR
JE00949,2026-02-25,1100,2839.67,0.00,Invoice 533 C1017,AR
JE00949,2026-02-25,4000,0.00,2839.67,Invoice 533 C1017,AR
JE00950,2026-02-25,1100,4496.61,0.00,Invoice 667 C1021,AR
JE00950,2026-02-25,4000,0.00,4496.61,Invoice 667 C1021,AR
JE00951,2026-02-25,2000,3671.29,0.00,Payment bill 51 Delta Equipment Service,AP
JE00951,2026-02-25,1000,0.00,3671.29,Payment bill 51 Delta Equipment Service,AP
JE00952,2026-02-26,1000,1102.80,0.00,Payment invoice 367 C1011,AR
JE00952,2026-02-26,1100,0.00,1102.80,Payment invoice 367 C1011,AR
JE00953,2026-02-26,1100,4244.36,0.00,Invoice 427 C1013,AR
JE00953,2026-02-26,4000,0.00,4244.36,Invoice 427 C1013,AR
JE00954,2026-02-26,1100,4165.31,0.00,Invoice 674 C1021,AR
JE00954,2026-02-26,4000,0.00,4165.31,Invoice 674 C1021,AR
JE00955,2026-02-26,1000,1277.88,0.00,Payment invoice 689 C1022,AR
JE00955,2026-02-26,1100,0.00,1277.88,Payment invoice 689 C1022,AR
JE00956,2026-02-26,1100,2434.28,0.00,Invoice 719 C1023,AR
JE00956,2026-02-26,4000,0.00,2434.28,Invoice 719 C1023,AR
JE00957,2026-02-27,1100,2505.51,0.00,Invoice 41 C1001,AR
JE00957,2026-02-27,4000,0.00,2505.51,Invoice 41 C1001,AR
JE00958,2026-02-27,1000,1243.30,0.00,Payment invoice 112 C1003,AR
JE00958,2026-02-27,1100,0.00,1243.30,Payment invoice 112 C1003,AR
JE00959,2026-02-27,1000,2220.74,0.00,Payment invoice 136 C1004,AR
JE00959,2026-02-27,1100,0.00,2220.74,Payment invoice 136 C1004,AR
JE00960,2026-02-27,1000,4021.13,0.00,Payment invoice 145 C1004,AR
JE00960,2026-02-27,1100,0.00,4021.13,Payment invoice 145 C1004,AR
JE00961,2026-02-27,1100,3607.01,0.00,Invoice 151 C1004,AR
JE00961,2026-02-27,4000,0.00,3607.01,Invoice 151 C1004,AR
JE00962,2026-02-27,1000,4031.18,0.00,Payment invoice 211 C1007,AR
JE00962,2026-02-27,1100,0.00,4031.18,Payment invoice 211 C1007,AR
JE00963,2026-02-27,1100,4594.36,0.00,Invoice 395 C1012,AR
JE00963,2026-02-27,4000,0.00,4594.36,Invoice 395 C1012,AR
JE00964,2026-02-27,1100,4490.92,0.00,Invoice 408 C1013,AR
JE00964,2026-02-27,4000,0.00,4490.92,Invoice 408 C1013,AR
JE00965,2026-02-27,1000,2992.53,0.00,Payment invoice 446 C1014,AR
JE00965,2026-02-27,1100,0.00,2992.53,Payment invoice 446 C1014,AR
JE00966,2026-02-27,1100,4838.69,0.00,Invoice 577 C1018,AR
JE00966,2026-02-27,4000,0.00,4838.69,Invoice 577 C1018,AR
JE00967,2026-02-27,1100,880.20,0.00,Invoice 673 C1021,AR
JE00967,2026-02-27,4000,0.00,880.20,Invoice 673 C1021,AR
JE00968,2026-02-27,1100,1534.51,0.00,Invoice 705 C1022,AR
JE00968,2026-02-27,4000,0.00,1534.51,Invoice 705 C1022,AR
JE00969,2026-02-28,1100,1399.88,0.00,Invoice 206 C1007,AR
JE00969,2026-02-28,4000,0.00,1399.88,Invoice 206 C1007,AR
JE00970,2026-02-28,1000,2011.57,0.00,Payment invoice 246 C1008,AR
JE00970,2026-02-28,1100,0.00,2011.57,Payment invoice 246 C1008,AR
JE00971,2026-02-28,1000,4817.65,0.00,Payment invoice 437 C1013,AR
JE00971,2026-02-28,1100,0.00,4817.65,Payment invoice 437 C1013,AR
JE00972,2026-02-28,1000,1599.54,0.00,Payment invoice 490 C1015,AR
JE00972,2026-02-28,1100,0.00,1599.54,Payment invoice 490 C1015,AR
JE00973,2026-02-28,1000,2617.66,0.00,Payment invoice 666 C1021,AR
JE00973,2026-02-28,1100,0.00,2617.66,Payment invoice 666 C1021,AR
JE00974,2026-02-28,1000,2801.22,0.00,Payment invoice 735 C1024,AR
JE00974,2026-02-28,1100,0.00,2801.22,Payment invoice 735 C1024,AR
JE00975,2026-02-28,1000,1805.18,0.00,Payment invoice 751 C1024,AR
JE00975,2026-02-28,1100,0.00,1805.18,Payment invoice 751 C1024,AR
JE00976,2026-02-28,1000,3024.62,0.00,Payment invoice 752 C1024,AR
JE00976,2026-02-28,1100,0.00,3024.62,Payment invoice 752 C1024,AR
JE00977,2026-02-28,6170,8070.00,0.00,Employee benefits,Payroll
JE00977,2026-02-28,1000,0.00,8070.00,Employee benefits,Payroll
JE00978,2026-02-28,6800,4200.00,0.00,Monthly depreciation,Depreciation
JE00978,2026-02-28,1590,0.00,4200.00,Monthly depreciation,Depreciation
JE00979,2026-03-01,1000,969.91,0.00,Payment invoice 53 C1001,AR
JE00979,2026-03-01,1100,0.00,969.91,Payment invoice 53 C1001,AR
JE00980,2026-03-01,1100,954.21,0.00,Invoice 91 C1003,AR
JE00980,2026-03-01,4000,0.00,954.21,Invoice 91 C1003,AR
JE00981,2026-03-01,1100,4874.45,0.00,Invoice 328 C1010,AR
JE00981,2026-03-01,4000,0.00,4874.45,Invoice 328 C1010,AR
JE00982,2026-03-01,1000,925.71,0.00,Payment invoice 515 C1016,AR
JE00982,2026-03-01,1100,0.00,925.71,Payment invoice 515 C1016,AR
JE00983,2026-03-01,1100,3569.99,0.00,Invoice 535 C1017,AR
JE00983,2026-03-01,4000,0.00,3569.99,Invoice 535 C1017,AR
JE00984,2026-03-01,1100,3609.20,0.00,Invoice 642 C1020,AR
JE00984,2026-03-01,4000,0.00,3609.20,Invoice 642 C1020,AR
JE00985,2026-03-01,1000,3734.51,0.00,Payment invoice 660 C1021,AR
JE00985,2026-03-01,1100,0.00,3734.51,Payment invoice 660 C1021,AR
JE00986,2026-03-02,1100,553.74,0.00,Invoice 325 C1010,AR
JE00986,2026-03-02,4000,0.00,553.74,Invoice 325 C1010,AR
JE00987,2026-03-02,1000,1250.14,0.00,Payment invoice 341 C1010,AR
JE00987,2026-03-02,1100,0.00,1250.14,Payment invoice 341 C1010,AR
JE00988,2026-03-02,1000,4672.13,0.00,Payment invoice 439 C1014,AR
JE00988,2026-03-02,1100,0.00,4672.13,Payment invoice 439 C1014,AR
JE00989,2026-03-02,1100,3740.39,0.00,Invoice 443 C1014,AR
JE00989,2026-03-02,4000,0.00,3740.39,Invoice 443 C1014,AR
JE00990,2026-03-02,1100,1251.19,0.00,Invoice 478 C1015,AR
JE00990,2026-03-02,4000,0.00,1251.19,Invoice 478 C1015,AR
JE00991,2026-03-02,1000,4626.64,0.00,Payment invoice 520 C1016,AR
JE00991,2026-03-02,1100,0.00,4626.64,Payment invoice 520 C1016,AR
JE00992,2026-03-02,1100,4952.11,0.00,Invoice 554 C1017,AR
JE00992,2026-03-02,4000,0.00,4952.11,Invoice 554 C1017,AR
JE00993,2026-03-02,1100,4123.37,0.00,Invoice 601 C1019,AR
JE00993,2026-03-02,4000,0.00,4123.37,Invoice 601 C1019,AR
JE00994,2026-03-02,1100,1525.70,0.00,Invoice 632 C1020,AR
JE00994,2026-03-02,4000,0.00,1525.70,Invoice 632 C1020,AR
JE00995,2026-03-02,1000,3355.29,0.00,Payment invoice 650 C1021,AR
JE00995,2026-03-02,1100,0.00,3355.29,Payment invoice 650 C1021,AR
JE00996,2026-03-02,1000,2981.74,0.00,Payment invoice 741 C1024,AR
JE00996,2026-03-02,1100,0.00,2981.74,Payment invoice 741 C1024,AR
JE00997,2026-03-02,1100,1008.18,0.00,Invoice 746 C1024,AR
JE00997,2026-03-02,4000,0.00,1008.18,Invoice 746 C1024,AR
JE00998,2026-03-03,1000,889.10,0.00,Payment invoice 17 C1000,AR
JE00998,2026-03-03,1100,0.00,889.10,Payment invoice 17 C1000,AR
JE00999,2026-03-03,1000,4058.95,0.00,Payment invoice 389 C1012,AR
JE00999,2026-03-03,1100,0.00,4058.95,Payment invoice 389 C1012,AR
JE01000,2026-03-03,1000,4541.91,0.00,Payment invoice 633 C1020,AR
JE01000,2026-03-03,1100,0.00,4541.91,Payment invoice 633 C1020,AR
JE01001,2026-03-03,2000,6242.43,0.00,Payment bill 71 Prairie Utilities,AP
JE01001,2026-03-03,1000,0.00,6242.43,Payment bill 71 Prairie Utilities,AP
JE01002,2026-03-04,1000,2364.91,0.00,Payment invoice 28 C1000,AR
JE01002,2026-03-04,1100,0.00,2364.91,Payment invoice 28 C1000,AR
JE01003,2026-03-04,1000,3537.06,0.00,Payment invoice 44 C1001,AR
JE01003,2026-03-04,1100,0.00,3537.06,Payment invoice 44 C1001,AR
JE01004,2026-03-04,1100,1663.11,0.00,Invoice 347 C1011,AR
JE01004,2026-03-04,4000,0.00,1663.11,Invoice 347 C1011,AR
JE01005,2026-03-04,1100,2064.74,0.00,Invoice 358 C1011,AR
JE01005,2026-03-04,4000,0.00,2064.74,Invoice 358 C1011,AR
JE01006,2026-03-04,1000,902.20,0.00,Payment invoice 471 C1014,AR
JE01006,2026-03-04,1100,0.00,902.20,Payment invoice 471 C1014,AR
JE01007,2026-03-04,1100,1230.67,0.00,Invoice 493 C1015,AR
JE01007,2026-03-04,4000,0.00,1230.67,Invoice 493 C1015,AR
JE01008,2026-03-04,1000,2791.68,0.00,Payment invoice 494 C1015,AR
JE01008,2026-03-04,1100,0.00,2791.68,Payment invoice 494 C1015,AR
JE01009,2026-03-04,1100,1440.68,0.00,Invoice 583 C1018,AR
JE01009,2026-03-04,4000,0.00,1440.68,Invoice 583 C1018,AR
JE01010,2026-03-04,1100,2440.29,0.00,Invoice 590 C1019,AR
JE01010,2026-03-04,4000,0.00,2440.29,Invoice 590 C1019,AR
JE01011,2026-03-04,1100,2415.96,0.00,Invoice 652 C1021,AR
JE01011,2026-03-04,4000,0.00,2415.96,Invoice 652 C1021,AR
JE01012,2026-03-04,1000,4107.13,0.00,Payment invoice 661 C1021,AR
JE01012,2026-03-04,1100,0.00,4107.13,Payment invoice 661 C1021,AR
JE01013,2026-03-05,1000,829.37,0.00,Payment invoice 65 C1002,AR
JE01013,2026-03-05,1100,0.00,829.37,Payment invoice 65 C1002,AR
JE01014,2026-03-05,1100,4861.53,0.00,Invoice 118 C1004,AR
JE01014,2026-03-05,4000,0.00,4861.53,Invoice 118 C1004,AR
JE01015,2026-03-05,1000,4699.06,0.00,Payment invoice 160 C1005,AR
JE01015,2026-03-05,1100,0.00,4699.06,Payment invoice 160 C1005,AR
JE01016,2026-03-05,1100,4522.42,0.00,Invoice 164 C1005,AR
JE01016,2026-03-05,4000,0.00,4522.42,Invoice 164 C1005,AR
JE01017,2026-03-05,1100,1010.30,0.00,Invoice 282 C1008,AR
JE01017,2026-03-05,4000,0.00,1010.30,Invoice 282 C1008,AR
JE01018,2026-03-05,1100,3159.52,0.00,Invoice 354 C1011,AR
JE01018,2026-03-05,4000,0.00,3159.52,Invoice 354 C1011,AR
JE01019,2026-03-05,1100,1785.52,0.00,Invoice 356 C1011,AR
JE01019,2026-03-05,4000,0.00,1785.52,Invoice 356 C1011,AR
JE01020,2026-03-05,1100,4961.38,0.00,Invoice 531 C1016,AR
JE01020,2026-03-05,4000,0.00,4961.38,Invoice 531 C1016,AR
JE01021,2026-03-05,1100,3249.57,0.00,Invoice 551 C1017,AR
JE01021,2026-03-05,4000,0.00,3249.57,Invoice 551 C1017,AR
JE01022,2026-03-05,1100,4994.48,0.00,Invoice 623 C1019,AR
JE01022,2026-03-05,4000,0.00,4994.48,Invoice 623 C1019,AR
JE01023,2026-03-05,1000,1692.13,0.00,Payment invoice 658 C1021,AR
JE01023,2026-03-05,1100,0.00,1692.13,Payment invoice 658 C1021,AR
JE01024,2026-03-05,1100,1941.43,0.00,Invoice 691 C1022,AR
JE01024,2026-03-05,4000,0.00,1941.43,Invoice 691 C1022,AR
JE01025,2026-03-06,1100,3109.81,0.00,Invoice 64 C1002,AR
JE01025,2026-03-06,4000,0.00,3109.81,Invoice 64 C1002,AR
JE01026,2026-03-06,1000,4007.65,0.00,Payment invoice 337 C1010,AR
JE01026,2026-03-06,1100,0.00,4007.65,Payment invoice 337 C1010,AR
JE01027,2026-03-06,1100,1225.02,0.00,Invoice 479 C1015,AR
JE01027,2026-03-06,4000,0.00,1225.02,Invoice 479 C1015,AR
JE01028,2026-03-06,1100,1502.42,0.00,Invoice 492 C1015,AR
JE01028,2026-03-06,4000,0.00,1502.42,Invoice 492 C1015,AR
JE01029,2026-03-06,1100,3976.29,0.00,Invoice 498 C1015,AR
JE01029,2026-03-06,4000,0.00,3976.29,Invoice 498 C1015,AR
JE01030,2026-03-06,1100,2696.86,0.00,Invoice 505 C1015,AR
JE01030,2026-03-06,4000,0.00,2696.86,Invoice 505 C1015,AR
JE01031,2026-03-06,1100,2489.93,0.00,Invoice 526 C1016,AR
JE01031,2026-03-06,4000,0.00,2489.93,Invoice 526 C1016,AR
JE01032,2026-03-06,1100,1786.61,0.00,Invoice 634 C1020,AR
JE01032,2026-03-06,4000,0.00,1786.61,Invoice 634 C1020,AR
JE01033,2026-03-06,1100,4557.73,0.00,Invoice 696 C1022,AR
JE01033,2026-03-06,4000,0.00,4557.73,Invoice 696 C1022,AR
JE01034,2026-03-06,2000,13956.77,0.00,Payment bill 60 Apex Materials,AP
JE01034,2026-03-06,1000,0.00,13956.77,Payment bill 60 Apex Materials,AP
JE01035,2026-03-06,6100,15624.62,0.00,Payroll run,Payroll
JE01035,2026-03-06,6110,11807.69,0.00,Payroll run,Payroll
JE01035,2026-03-06,6120,6923.08,0.00,Payroll run,Payroll
JE01035,2026-03-06,6130,9000.00,0.00,Payroll run,Payroll
JE01035,2026-03-06,6160,3685.21,0.00,Payroll run,Payroll
JE01035,2026-03-06,1000,0.00,47040.60,Payroll run,Payroll
JE01036,2026-03-07,1100,1653.42,0.00,Invoice 266 C1008,AR
JE01036,2026-03-07,4000,0.00,1653.42,Invoice 266 C1008,AR
JE01037,2026-03-07,1100,4814.66,0.00,Invoice 349 C1011,AR
JE01037,2026-03-07,4000,0.00,4814.66,Invoice 349 C1011,AR
JE01038,2026-03-07,1100,4804.88,0.00,Invoice 363 C1011,AR
JE01038,2026-03-07,4000,0.00,4804.88,Invoice 363 C1011,AR
JE01039,2026-03-07,1100,1339.94,0.00,Invoice 373 C1011,AR
JE01039,2026-03-07,4000,0.00,1339.94,Invoice 373 C1011,AR
JE01040,2026-03-07,1000,3991.43,0.00,Payment invoice 543 C1017,AR
JE01040,2026-03-07,1100,0.00,3991.43,Payment invoice 543 C1017,AR
JE01041,2026-03-07,2000,14175.72,0.00,Payment bill 50 Lakeshore Packaging,AP
JE01041,2026-03-07,1000,0.00,14175.72,Payment bill 50 Lakeshore Packaging,AP
JE01042,2026-03-07,5000,18896.89,0.00,Bill 77 Northwind Components,AP
JE01042,2026-03-07,2000,0.00,18896.89,Bill 77 Northwind Components,AP
JE01043,2026-03-08,1000,4067.29,0.00,Payment invoice 86 C1003,AR
JE01043,2026-03-08,1100,0.00,4067.29,Payment invoice 86 C1003,AR
JE01044,2026-03-08,1100,1770.93,0.00,Invoice 402 C1013,AR
JE01044,2026-03-08,4000,0.00,1770.93,Invoice 402 C1013,AR
JE01045,2026-03-08,1000,2606.32,0.00,Payment invoice 532 C1017,AR
JE01045,2026-03-08,1100,0.00,2606.32,Payment invoice 532 C1017,AR
JE01046,2026-03-08,1000,2351.24,0.00,Payment invoice 591 C1019,AR
JE01046,2026-03-08,1100,0.00,2351.24,Payment invoice 591 C1019,AR
JE01047,2026-03-08,1000,1472.02,0.00,Payment invoice 676 C1021,AR
JE01047,2026-03-08,1100,0.00,1472.02,Payment invoice 676 C1021,AR
JE01048,2026-03-08,2000,8628.92,0.00,Payment bill 38 Meridian Legal LLP,AP
JE01048,2026-03-08,1000,0.00,8628.92,Payment bill 38 Meridian Legal LLP,AP
JE01049,2026-03-08,5000,14904.31,0.00,Bill 79 Apex Materials,AP
JE01049,2026-03-08,2000,0.00,14904.31,Bill 79 Apex Materials,AP
JE01050,2026-03-08,6220,4891.20,0.00,Bill 81 Bright Accounting Group,AP
JE01050,2026-03-08,2000,0.00,4891.20,Bill 81 Bright Accounting Group,AP
JE01051,2026-03-09,1100,4534.72,0.00,Invoice 113 C1003,AR
JE01051,2026-03-09,4000,0.00,4534.72,Invoice 113 C1003,AR
JE01052,2026-03-09,1100,3960.80,0.00,Invoice 129 C1004,AR
JE01052,2026-03-09,4000,0.00,3960.80,Invoice 129 C1004,AR
JE01053,2026-03-09,1000,3076.60,0.00,Payment invoice 132 C1004,AR
JE01053,2026-03-09,1100,0.00,3076.60,Payment invoice 132 C1004,AR
JE01054,2026-03-09,1000,2086.77,0.00,Payment invoice 209 C1007,AR
JE01054,2026-03-09,1100,0.00,2086.77,Payment invoice 209 C1007,AR
JE01055,2026-03-09,1100,4888.40,0.00,Invoice 318 C1010,AR
JE01055,2026-03-09,4000,0.00,4888.40,Invoice 318 C1010,AR
JE01056,2026-03-09,1000,762.40,0.00,Payment invoice 464 C1014,AR
JE01056,2026-03-09,1100,0.00,762.40,Payment invoice 464 C1014,AR
JE01057,2026-03-09,2000,7439.15,0.00,Payment bill 63 Harbor Freight & Logistics,AP
JE01057,2026-03-09,1000,0.00,7439.15,Payment bill 63 Harbor Freight & Logistics,AP
JE01058,2026-03-09,2000,13676.92,0.00,Payment bill 67 Summit Contract Labor,AP
JE01058,2026-03-09,1000,0.00,13676.92,Payment bill 67 Summit Contract Labor,AP
JE01059,2026-03-09,5000,10051.90,0.00,Bill 82 Harbor Freight & Logistics,AP
JE01059,2026-03-09,2000,0.00,10051.90,Bill 82 Harbor Freight & Logistics,AP
JE01060,2026-03-09,6230,8459.03,0.00,Bill 84 Evergreen Insurance,AP
JE01060,2026-03-09,2000,0.00,8459.03,Bill 84 Evergreen Insurance,AP
JE01061,2026-03-10,1100,1075.65,0.00,Invoice 275 C1008,AR
JE01061,2026-03-10,4000,0.00,1075.65,Invoice 275 C1008,AR
JE01062,2026-03-10,1000,2487.19,0.00,Payment invoice 546 C1017,AR
JE01062,2026-03-10,1100,0.00,2487.19,Payment invoice 546 C1017,AR
JE01063,2026-03-10,1000,4593.06,0.00,Payment invoice 703 C1022,AR
JE01063,2026-03-10,1100,0.00,4593.06,Payment invoice 703 C1022,AR
JE01064,2026-03-10,2000,8350.75,0.00,Payment bill 46 Evergreen Insurance,AP
JE01064,2026-03-10,1000,0.00,8350.75,Payment bill 46 Evergreen Insurance,AP
JE01065,2026-03-10,5000,11048.38,0.00,Bill 85 Summit Contract Labor,AP
JE01065,2026-03-10,2000,0.00,11048.38,Bill 85 Summit Contract Labor,AP
JE01066,2026-03-10,6240,11266.99,0.00,Bill 87 Pioneer Marketing Co,AP
JE01066,2026-03-10,2000,0.00,11266.99,Bill 87 Pioneer Marketing Co,AP
JE01067,2026-03-10,7000,2814.57,0.00,Term loan payment,Loan
JE01067,2026-03-10,2500,6185.43,0.00,Term loan payment,Loan
JE01067,2026-03-10,1000,0.00,9000.00,Term loan payment,Loan
JE01068,2026-03-11,1000,3589.18,0.00,Payment invoice 7 C1000,AR
JE01068,2026-03-11,1100,0.00,3589.18,Payment invoice 7 C1000,AR
JE01069,2026-03-11,1100,4217.54,0.00,Invoice 72 C1002,AR
JE01069,2026-03-11,4000,0.00,4217.54,Invoice 72 C1002,AR
JE01070,2026-03-11,1000,3024.70,0.00,Payment invoice 156 C1005,AR
JE01070,2026-03-11,1100,0.00,3024.70,Payment invoice 156 C1005,AR
JE01071,2026-03-11,1100,2676.76,0.00,Invoice 242 C1007,AR
JE01071,2026-03-11,4000,0.00,2676.76,Invoice 242 C1007,AR
JE01072,2026-03-11,1100,3227.50,0.00,Invoice 258 C1008,AR
JE01072,2026-03-11,4000,0.00,3227.50,Invoice 258 C1008,AR
JE01073,2026-03-11,1100,1518.12,0.00,Invoice 277 C1008,AR
JE01073,2026-03-11,4000,0.00,1518.12,Invoice 277 C1008,AR
JE01074,2026-03-11,1000,702.41,0.00,Payment invoice 339 C1010,AR
JE01074,2026-03-11,1100,0.00,702.41,Payment invoice 339 C1010,AR
JE01075,2026-03-11,1000,3643.45,0.00,Payment invoice 344 C1010,AR
JE01075,2026-03-11,1100,0.00,3643.45,Payment invoice 344 C1010,AR
JE01076,2026-03-11,1100,1578.73,0.00,Invoice 473 C1014,AR
JE01076,2026-03-11,4000,0.00,1578.73,Invoice 473 C1014,AR
JE01077,2026-03-11,1000,1954.77,0.00,Payment invoice 562 C1017,AR
JE01077,2026-03-11,1100,0.00,1954.77,Payment invoice 562 C1017,AR
JE01078,2026-03-11,1000,2562.70,0.00,Payment invoice 680 C1021,AR
JE01078,2026-03-11,1100,0.00,2562.70,Payment invoice 680 C1021,AR
JE01079,2026-03-11,2000,17696.35,0.00,Payment bill 40 Northwind Components,AP
JE01079,2026-03-11,1000,0.00,17696.35,Payment bill 40 Northwind Components,AP
JE01080,2026-03-11,5000,11410.44,0.00,Bill 88 Lakeshore Packaging,AP
JE01080,2026-03-11,2000,0.00,11410.44,Bill 88 Lakeshore Packaging,AP
JE01081,2026-03-11,6250,3792.54,0.00,Bill 89 Delta Equipment Service,AP
JE01081,2026-03-11,2000,0.00,3792.54,Bill 89 Delta Equipment Service,AP
JE01082,2026-03-12,1100,2085.63,0.00,Invoice 288 C1009,AR
JE01082,2026-03-12,4000,0.00,2085.63,Invoice 288 C1009,AR
JE01083,2026-03-12,1100,3143.26,0.00,Invoice 308 C1009,AR
JE01083,2026-03-12,4000,0.00,3143.26,Invoice 308 C1009,AR
JE01084,2026-03-12,1100,4342.94,0.00,Invoice 364 C1011,AR
JE01084,2026-03-12,4000,0.00,4342.94,Invoice 364 C1011,AR
JE01085,2026-03-12,1100,2103.44,0.00,Invoice 433 C1013,AR
JE01085,2026-03-12,4000,0.00,2103.44,Invoice 433 C1013,AR
JE01086,2026-03-12,1000,506.58,0.00,Payment invoice 444 C1014,AR
JE01086,2026-03-12,1100,0.00,506.58,Payment invoice 444 C1014,AR
JE01087,2026-03-12,1000,2341.66,0.00,Payment invoice 475 C1014,AR
JE01087,2026-03-12,1100,0.00,2341.66,Payment invoice 475 C1014,AR
JE01088,2026-03-12,1000,1318.94,0.00,Payment invoice 540 C1017,AR
JE01088,2026-03-12,1100,0.00,1318.94,Payment invoice 540 C1017,AR
JE01089,2026-03-12,1100,4401.69,0.00,Invoice 588 C1019,AR
JE01089,2026-03-12,4000,0.00,4401.69,Invoice 588 C1019,AR
JE01090,2026-03-12,1100,940.46,0.00,Invoice 627 C1020,AR
JE01090,2026-03-12,4000,0.00,940.46,Invoice 627 C1020,AR
JE01091,2026-03-12,1000,4982.36,0.00,Payment invoice 644 C1020,AR
JE01091,2026-03-12,1100,0.00,4982.36,Payment invoice 644 C1020,AR
JE01092,2026-03-12,2000,10241.13,0.00,Payment bill 72 Cedar Property Mgmt,AP
JE01092,2026-03-12,1000,0.00,10241.13,Payment bill 72 Cedar Property Mgmt,AP
JE01093,2026-03-12,6200,6225.53,0.00,Bill 90 Prairie Utilities,AP
JE01093,2026-03-12,2000,0.00,6225.53,Bill 90 Prairie Utilities,AP
JE01094,2026-03-13,1000,2754.05,0.00,Payment invoice 105 C1003,AR
JE01094,2026-03-13,1100,0.00,2754.05,Payment invoice 105 C1003,AR
JE01095,2026-03-13,1100,4568.08,0.00,Invoice 130 C1004,AR
JE01095,2026-03-13,4000,0.00,4568.08,Invoice 130 C1004,AR
JE01096,2026-03-13,1000,3667.66,0.00,Payment invoice 169 C1005,AR
JE01096,2026-03-13,1100,0.00,3667.66,Payment invoice 169 C1005,AR
JE01097,2026-03-13,1100,937.84,0.00,Invoice 539 C1017,AR
JE01097,2026-03-13,4000,0.00,937.84,Invoice 539 C1017,AR
JE01098,2026-03-13,1100,1966.23,0.00,Invoice 655 C1021,AR
JE01098,2026-03-13,4000,0.00,1966.23,Invoice 655 C1021,AR
JE01099,2026-03-13,2000,5740.09,0.00,Payment bill 62 Bright Accounting Group,AP
JE01099,2026-03-13,1000,0.00,5740.09,Payment bill 62 Bright Accounting Group,AP
JE01100,2026-03-13,6200,9815.36,0.00,Bill 91 Cedar Property Mgmt,AP
JE01100,2026-03-13,2000,0.00,9815.36,Bill 91 Cedar Property Mgmt,AP
JE01101,2026-03-14,1000,2394.13,0.00,Payment invoice 38 C1000,AR
JE01101,2026-03-14,1100,0.00,2394.13,Payment invoice 38 C1000,AR
JE01102,2026-03-14,1000,3321.69,0.00,Payment invoice 486 C1015,AR
JE01102,2026-03-14,1100,0.00,3321.69,Payment invoice 486 C1015,AR
JE01103,2026-03-14,1100,3646.23,0.00,Invoice 553 C1017,AR
JE01103,2026-03-14,4000,0.00,3646.23,Invoice 553 C1017,AR
JE01104,2026-03-14,1000,2956.65,0.00,Payment invoice 701 C1022,AR
JE01104,2026-03-14,1100,0.00,2956.65,Payment invoice 701 C1022,AR
JE01105,2026-03-14,1100,3032.12,0.00,Invoice 725 C1023,AR
JE01105,2026-03-14,4000,0.00,3032.12,Invoice 725 C1023,AR
JE01106,2026-03-14,2000,17075.24,0.00,Payment bill 61 Apex Materials,AP
JE01106,2026-03-14,1000,0.00,17075.24,Payment bill 61 Apex Materials,AP
JE01107,2026-03-14,2000,3837.19,0.00,Payment bill 70 Delta Equipment Service,AP
JE01107,2026-03-14,1000,0.00,3837.19,Payment bill 70 Delta Equipment Service,AP
JE01108,2026-03-14,6210,9632.08,0.00,Bill 93 CloudStack Hosting,AP
JE01108,2026-03-14,2000,0.00,9632.08,Bill 93 CloudStack Hosting,AP
JE01109,2026-03-15,1100,1434.27,0.00,Invoice 77 C1002,AR
JE01109,2026-03-15,4000,0.00,1434.27,Invoice 77 C1002,AR
JE01110,2026-03-15,1100,2949.01,0.00,Invoice 87 C1003,AR
JE01110,2026-03-15,4000,0.00,2949.01,Invoice 87 C1003,AR
JE01111,2026-03-15,1100,1747.08,0.00,Invoice 403 C1013,AR
JE01111,2026-03-15,4000,0.00,1747.08,Invoice 403 C1013,AR
JE01112,2026-03-15,1000,4475.49,0.00,Payment invoice 549 C1017,AR
JE01112,2026-03-15,1100,0.00,4475.49,Payment invoice 549 C1017,AR
JE01113,2026-03-15,2000,6781.21,0.00,Payment bill 75 Orbit SaaS Suite,AP
JE01113,2026-03-15,1000,0.00,6781.21,Payment bill 75 Orbit SaaS Suite,AP
JE01114,2026-03-15,6210,6897.22,0.00,Bill 94 Orbit SaaS Suite,AP
JE01114,2026-03-15,2000,0.00,6897.22,Bill 94 Orbit SaaS Suite,AP
JE01115,2026-03-16,1100,2342.76,0.00,Invoice 207 C1007,AR
JE01115,2026-03-16,4000,0.00,2342.76,Invoice 207 C1007,AR
JE01116,2026-03-16,1000,2878.17,0.00,Payment invoice 273 C1008,AR
JE01116,2026-03-16,1100,0.00,2878.17,Payment invoice 273 C1008,AR
JE01117,2026-03-16,1100,847.01,0.00,Invoice 376 C1011,AR
JE01117,2026-03-16,4000,0.00,847.01,Invoice 376 C1011,AR
JE01118,2026-03-16,1000,4488.57,0.00,Payment invoice 482 C1015,AR
JE01118,2026-03-16,1100,0.00,4488.57,Payment invoice 482 C1015,AR
JE01119,2026-03-16,1000,1857.54,0.00,Payment invoice 556 C1017,AR
JE01119,2026-03-16,1100,0.00,1857.54,Payment invoice 556 C1017,AR
JE01120,2026-03-16,1000,2885.41,0.00,Payment invoice 694 C1022,AR
JE01120,2026-03-16,1100,0.00,2885.41,Payment invoice 694 C1022,AR
JE01121,2026-03-16,1100,2607.96,0.00,Invoice 747 C1024,AR
JE01121,2026-03-16,4000,0.00,2607.96,Invoice 747 C1024,AR
JE01122,2026-03-16,6220,8032.37,0.00,Bill 95 Meridian Legal LLP,AP
JE01122,2026-03-16,2000,0.00,8032.37,Bill 95 Meridian Legal LLP,AP
JE01123,2026-03-17,1000,2420.39,0.00,Payment invoice 114 C1003,AR
JE01123,2026-03-17,1100,0.00,2420.39,Payment invoice 114 C1003,AR
JE01124,2026-03-17,1100,4605.60,0.00,Invoice 194 C1006,AR
JE01124,2026-03-17,4000,0.00,4605.60,Invoice 194 C1006,AR
JE01125,2026-03-17,1100,4308.55,0.00,Invoice 239 C1007,AR
JE01125,2026-03-17,4000,0.00,4308.55,Invoice 239 C1007,AR
JE01126,2026-03-17,1100,789.99,0.00,Invoice 248 C1008,AR
JE01126,2026-03-17,4000,0.00,789.99,Invoice 248 C1008,AR
JE01127,2026-03-17,1100,3926.69,0.00,Invoice 460 C1014,AR
JE01127,2026-03-17,4000,0.00,3926.69,Invoice 460 C1014,AR
JE01128,2026-03-17,1000,1311.82,0.00,Payment invoice 544 C1017,AR
JE01128,2026-03-17,1100,0.00,1311.82,Payment invoice 544 C1017,AR
JE01129,2026-03-17,1100,4138.61,0.00,Invoice 573 C1018,AR
JE01129,2026-03-17,4000,0.00,4138.61,Invoice 573 C1018,AR
JE01130,2026-03-18,1000,4786.10,0.00,Payment invoice 23 C1000,AR
JE01130,2026-03-18,1100,0.00,4786.10,Payment invoice 23 C1000,AR
JE01131,2026-03-18,1100,1550.88,0.00,Invoice 104 C1003,AR
JE01131,2026-03-18,4000,0.00,1550.88,Invoice 104 C1003,AR
JE01132,2026-03-18,1000,1712.02,0.00,Payment invoice 284 C1009,AR
JE01132,2026-03-18,1100,0.00,1712.02,Payment invoice 284 C1009,AR
JE01133,2026-03-18,1100,3374.17,0.00,Invoice 449 C1014,AR
JE01133,2026-03-18,4000,0.00,3374.17,Invoice 449 C1014,AR
JE01134,2026-03-18,1000,3756.40,0.00,Payment invoice 561 C1017,AR
JE01134,2026-03-18,1100,0.00,3756.40,Payment invoice 561 C1017,AR
JE01135,2026-03-18,1100,1101.07,0.00,Invoice 582 C1018,AR
JE01135,2026-03-18,4000,0.00,1101.07,Invoice 582 C1018,AR
JE01136,2026-03-18,1000,4924.30,0.00,Payment invoice 584 C1018,AR
JE01136,2026-03-18,1100,0.00,4924.30,Payment invoice 584 C1018,AR
JE01137,2026-03-18,1100,1309.75,0.00,Invoice 695 C1022,AR
JE01137,2026-03-18,4000,0.00,1309.75,Invoice 695 C1022,AR
JE01138,2026-03-18,5000,17558.85,0.00,Bill 78 Northwind Components,AP
JE01138,2026-03-18,2000,0.00,17558.85,Bill 78 Northwind Components,AP
JE01139,2026-03-19,1100,1858.28,0.00,Invoice 199 C1006,AR
JE01139,2026-03-19,4000,0.00,1858.28,Invoice 199 C1006,AR
JE01140,2026-03-19,1000,4751.75,0.00,Payment invoice 294 C1009,AR
JE01140,2026-03-19,1100,0.00,4751.75,Payment invoice 294 C1009,AR
JE01141,2026-03-19,1000,1547.78,0.00,Payment invoice 410 C1013,AR
JE01141,2026-03-19,1100,0.00,1547.78,Payment invoice 410 C1013,AR
JE01142,2026-03-19,1100,2859.37,0.00,Invoice 416 C1013,AR
JE01142,2026-03-19,4000,0.00,2859.37,Invoice 416 C1013,AR
JE01143,2026-03-19,1000,3402.76,0.00,Payment invoice 480 C1015,AR
JE01143,2026-03-19,1100,0.00,3402.76,Payment invoice 480 C1015,AR
JE01144,2026-03-19,1100,2328.54,0.00,Invoice 659 C1021,AR
JE01144,2026-03-19,4000,0.00,2328.54,Invoice 659 C1021,AR
JE01145,2026-03-19,1000,576.68,0.00,Payment invoice 728 C1023,AR
JE01145,2026-03-19,1100,0.00,576.68,Payment invoice 728 C1023,AR
JE01146,2026-03-19,5000,14301.41,0.00,Bill 80 Apex Materials,AP
JE01146,2026-03-19,2000,0.00,14301.41,Bill 80 Apex Materials,AP
JE01147,2026-03-20,1100,4785.11,0.00,Invoice 68 C1002,AR
JE01147,2026-03-20,4000,0.00,4785.11,Invoice 68 C1002,AR
JE01148,2026-03-20,1000,1324.50,0.00,Payment invoice 82 C1003,AR
JE01148,2026-03-20,1100,0.00,1324.50,Payment invoice 82 C1003,AR
JE01149,2026-03-20,1100,2583.00,0.00,Invoice 181 C1005,AR
JE01149,2026-03-20,4000,0.00,2583.00,Invoice 181 C1005,AR
JE01150,2026-03-20,1000,2658.64,0.00,Payment invoice 212 C1007,AR
JE01150,2026-03-20,1100,0.00,2658.64,Payment invoice 212 C1007,AR
JE01151,2026-03-20,1000,3592.59,0.00,Payment invoice 218 C1007,AR
JE01151,2026-03-20,1100,0.00,3592.59,Payment invoice 218 C1007,AR
JE01152,2026-03-20,1100,1125.66,0.00,Invoice 285 C1009,AR
JE01152,2026-03-20,4000,0.00,1125.66,Invoice 285 C1009,AR
JE01153,2026-03-20,1000,535.83,0.00,Payment invoice 287 C1009,AR
JE01153,2026-03-20,1100,0.00,535.83,Payment invoice 287 C1009,AR
JE01154,2026-03-20,1100,1978.88,0.00,Invoice 436 C1013,AR
JE01154,2026-03-20,4000,0.00,1978.88,Invoice 436 C1013,AR
JE01155,2026-03-20,1000,3709.47,0.00,Payment invoice 536 C1017,AR
JE01155,2026-03-20,1100,0.00,3709.47,Payment invoice 536 C1017,AR
JE01156,2026-03-20,1000,930.85,0.00,Payment invoice 572 C1018,AR
JE01156,2026-03-20,1100,0.00,930.85,Payment invoice 572 C1018,AR
JE01157,2026-03-20,1000,2939.85,0.00,Payment invoice 575 C1018,AR
JE01157,2026-03-20,1100,0.00,2939.85,Payment invoice 575 C1018,AR
JE01158,2026-03-20,1000,3230.15,0.00,Payment invoice 579 C1018,AR
JE01158,2026-03-20,1100,0.00,3230.15,Payment invoice 579 C1018,AR
JE01159,2026-03-20,1100,1266.97,0.00,Invoice 723 C1023,AR
JE01159,2026-03-20,4000,0.00,1266.97,Invoice 723 C1023,AR
JE01160,2026-03-20,2000,11316.22,0.00,Payment bill 68 Pioneer Marketing Co,AP
JE01160,2026-03-20,1000,0.00,11316.22,Payment bill 68 Pioneer Marketing Co,AP
JE01161,2026-03-20,2000,10690.60,0.00,Payment bill 74 CloudStack Hosting,AP
JE01161,2026-03-20,1000,0.00,10690.60,Payment bill 74 CloudStack Hosting,AP
JE01162,2026-03-20,5000,9919.70,0.00,Bill 83 Harbor Freight & Logistics,AP
JE01162,2026-03-20,2000,0.00,9919.70,Bill 83 Harbor Freight & Logistics,AP
JE01163,2026-03-20,6100,15624.62,0.00,Payroll run,Payroll
JE01163,2026-03-20,6110,11807.69,0.00,Payroll run,Payroll
JE01163,2026-03-20,6120,6923.08,0.00,Payroll run,Payroll
JE01163,2026-03-20,6130,9000.00,0.00,Payroll run,Payroll
JE01163,2026-03-20,6160,3685.21,0.00,Payroll run,Payroll
JE01163,2026-03-20,1000,0.00,47040.60,Payroll run,Payroll
JE01164,2026-03-21,1100,1896.64,0.00,Invoice 47 C1001,AR
JE01164,2026-03-21,4000,0.00,1896.64,Invoice 47 C1001,AR
JE01165,2026-03-21,1000,2162.97,0.00,Payment invoice 322 C1010,AR
JE01165,2026-03-21,1100,0.00,2162.97,Payment invoice 322 C1010,AR
JE01166,2026-03-21,1100,2978.21,0.00,Invoice 405 C1013,AR
JE01166,2026-03-21,4000,0.00,2978.21,Invoice 405 C1013,AR
JE01167,2026-03-21,1000,4295.56,0.00,Payment invoice 636 C1020,AR
JE01167,2026-03-21,1100,0.00,4295.56,Payment invoice 636 C1020,AR
JE01168,2026-03-21,1000,4019.46,0.00,Payment invoice 656 C1021,AR
JE01168,2026-03-21,1100,0.00,4019.46,Payment invoice 656 C1021,AR
JE01169,2026-03-21,1100,1920.52,0.00,Invoice 685 C1022,AR
JE01169,2026-03-21,4000,0.00,1920.52,Invoice 685 C1022,AR
JE01170,2026-03-21,2000,10120.27,0.00,Payment bill 64 Harbor Freight & Logistics,AP
JE01170,2026-03-21,1000,0.00,10120.27,Payment bill 64 Harbor Freight & Logistics,AP
JE01171,2026-03-21,5000,12461.33,0.00,Bill 86 Summit Contract Labor,AP
JE01171,2026-03-21,2000,0.00,12461.33,Bill 86 Summit Contract Labor,AP
JE01172,2026-03-22,1100,874.55,0.00,Invoice 32 C1000,AR
JE01172,2026-03-22,4000,0.00,874.55,Invoice 32 C1000,AR
JE01173,2026-03-22,1100,1632.11,0.00,Invoice 192 C1006,AR
JE01173,2026-03-22,4000,0.00,1632.11,Invoice 192 C1006,AR
JE01174,2026-03-22,1100,4163.15,0.00,Invoice 227 C1007,AR
JE01174,2026-03-22,4000,0.00,4163.15,Invoice 227 C1007,AR
JE01175,2026-03-22,1000,4081.58,0.00,Payment invoice 240 C1007,AR
JE01175,2026-03-22,1100,0.00,4081.58,Payment invoice 240 C1007,AR
JE01176,2026-03-22,1000,3502.50,0.00,Payment invoice 327 C1010,AR
JE01176,2026-03-22,1100,0.00,3502.50,Payment invoice 327 C1010,AR
JE01177,2026-03-22,1000,3647.77,0.00,Payment invoice 431 C1013,AR
JE01177,2026-03-22,1100,0.00,3647.77,Payment invoice 431 C1013,AR
JE01178,2026-03-22,1100,4731.25,0.00,Invoice 440 C1014,AR
JE01178,2026-03-22,4000,0.00,4731.25,Invoice 440 C1014,AR
JE01179,2026-03-22,1100,1746.15,0.00,Invoice 497 C1015,AR
JE01179,2026-03-22,4000,0.00,1746.15,Invoice 497 C1015,AR
JE01180,2026-03-22,1100,673.37,0.00,Invoice 519 C1016,AR
JE01180,2026-03-22,4000,0.00,673.37,Invoice 519 C1016,AR
JE01181,2026-03-22,1000,611.39,0.00,Payment invoice 602 C1019,AR
JE01181,2026-03-22,1100,0.00,611.39,Payment invoice 602 C1019,AR
JE01182,2026-03-23,1100,3455.80,0.00,Invoice 150 C1004,AR
JE01182,2026-03-23,4000,0.00,3455.80,Invoice 150 C1004,AR
JE01183,2026-03-23,1100,3344.63,0.00,Invoice 221 C1007,AR
JE01183,2026-03-23,4000,0.00,3344.63,Invoice 221 C1007,AR
JE01184,2026-03-23,1100,1448.07,0.00,Invoice 607 C1019,AR
JE01184,2026-03-23,4000,0.00,1448.07,Invoice 607 C1019,AR
JE01185,2026-03-23,1100,1333.68,0.00,Invoice 637 C1020,AR
JE01185,2026-03-23,4000,0.00,1333.68,Invoice 637 C1020,AR
JE01186,2026-03-23,1000,1222.04,0.00,Payment invoice 744 C1024,AR
JE01186,2026-03-23,1100,0.00,1222.04,Payment invoice 744 C1024,AR
JE01187,2026-03-23,1000,4543.94,0.00,Payment invoice 750 C1024,AR
JE01187,2026-03-23,1100,0.00,4543.94,Payment invoice 750 C1024,AR
JE01188,2026-03-23,1100,3340.38,0.00,Invoice 755 C1024,AR
JE01188,2026-03-23,4000,0.00,3340.38,Invoice 755 C1024,AR
JE01189,2026-03-23,2000,8906.72,0.00,Payment bill 73 Cedar Property Mgmt,AP
JE01189,2026-03-23,1000,0.00,8906.72,Payment bill 73 Cedar Property Mgmt,AP
JE01190,2026-03-24,1100,1647.81,0.00,Invoice 1 C1000,AR
JE01190,2026-03-24,4000,0.00,1647.81,Invoice 1 C1000,AR
JE01191,2026-03-24,1100,788.86,0.00,Invoice 79 C1003,AR
JE01191,2026-03-24,4000,0.00,788.86,Invoice 79 C1003,AR
JE01192,2026-03-24,1000,1616.97,0.00,Payment invoice 123 C1004,AR
JE01192,2026-03-24,1100,0.00,1616.97,Payment invoice 123 C1004,AR
JE01193,2026-03-24,1100,2034.67,0.00,Invoice 380 C1011,AR
JE01193,2026-03-24,4000,0.00,2034.67,Invoice 380 C1011,AR
JE01194,2026-03-24,1100,4889.34,0.00,Invoice 545 C1017,AR
JE01194,2026-03-24,4000,0.00,4889.34,Invoice 545 C1017,AR
JE01195,2026-03-24,1000,1532.56,0.00,Payment invoice 640 C1020,AR
JE01195,2026-03-24,1100,0.00,1532.56,Payment invoice 640 C1020,AR
JE01196,2026-03-24,1100,4092.09,0.00,Invoice 700 C1022,AR
JE01196,2026-03-24,4000,0.00,4092.09,Invoice 700 C1022,AR
JE01197,2026-03-24,1100,1071.93,0.00,Invoice 710 C1023,AR
JE01197,2026-03-24,4000,0.00,1071.93,Invoice 710 C1023,AR
JE01198,2026-03-24,6200,7942.30,0.00,Bill 92 Cedar Property Mgmt,AP
JE01198,2026-03-24,2000,0.00,7942.30,Bill 92 Cedar Property Mgmt,AP
JE01199,2026-03-25,1100,4572.71,0.00,Invoice 189 C1006,AR
JE01199,2026-03-25,4000,0.00,4572.71,Invoice 189 C1006,AR
JE01200,2026-03-25,1000,1305.69,0.00,Payment invoice 255 C1008,AR
JE01200,2026-03-25,1100,0.00,1305.69,Payment invoice 255 C1008,AR
JE01201,2026-03-25,1000,4490.92,0.00,Payment invoice 408 C1013,AR
JE01201,2026-03-25,1100,0.00,4490.92,Payment invoice 408 C1013,AR
JE01202,2026-03-25,1100,2403.24,0.00,Invoice 453 C1014,AR
JE01202,2026-03-25,4000,0.00,2403.24,Invoice 453 C1014,AR
JE01203,2026-03-26,1100,2664.96,0.00,Invoice 26 C1000,AR
JE01203,2026-03-26,4000,0.00,2664.96,Invoice 26 C1000,AR
JE01204,2026-03-26,1000,716.89,0.00,Payment invoice 109 C1003,AR
JE01204,2026-03-26,1100,0.00,716.89,Payment invoice 109 C1003,AR
JE01205,2026-03-26,1100,1105.62,0.00,Invoice 214 C1007,AR
JE01205,2026-03-26,4000,0.00,1105.62,Invoice 214 C1007,AR
JE01206,2026-03-26,1000,4027.77,0.00,Payment invoice 215 C1007,AR
JE01206,2026-03-26,1100,0.00,4027.77,Payment invoice 215 C1007,AR
JE01207,2026-03-26,1000,2323.23,0.00,Payment invoice 289 C1009,AR
JE01207,2026-03-26,1100,0.00,2323.23,Payment invoice 289 C1009,AR
JE01208,2026-03-26,1100,3276.29,0.00,Invoice 313 C1010,AR
JE01208,2026-03-26,4000,0.00,3276.29,Invoice 313 C1010,AR
JE01209,2026-03-26,1100,734.29,0.00,Invoice 362 C1011,AR
JE01209,2026-03-26,4000,0.00,734.29,Invoice 362 C1011,AR
JE01210,2026-03-26,1100,2125.88,0.00,Invoice 412 C1013,AR
JE01210,2026-03-26,4000,0.00,2125.88,Invoice 412 C1013,AR
JE01211,2026-03-26,1000,2074.66,0.00,Payment invoice 469 C1014,AR
JE01211,2026-03-26,1100,0.00,2074.66,Payment invoice 469 C1014,AR
JE01212,2026-03-26,1100,1709.97,0.00,Invoice 615 C1019,AR
JE01212,2026-03-26,4000,0.00,1709.97,Invoice 615 C1019,AR
JE01213,2026-03-26,1100,3277.12,0.00,Invoice 630 C1020,AR
JE01213,2026-03-26,4000,0.00,3277.12,Invoice 630 C1020,AR
JE01214,2026-03-26,1000,566.86,0.00,Payment invoice 706 C1023,AR
JE01214,2026-03-26,1100,0.00,566.86,Payment invoice 706 C1023,AR
JE01215,2026-03-27,1000,3466.47,0.00,Payment invoice 24 C1000,AR
JE01215,2026-03-27,1100,0.00,3466.47,Payment invoice 24 C1000,AR
JE01216,2026-03-27,1000,1623.02,0.00,Payment invoice 33 C1000,AR
JE01216,2026-03-27,1100,0.00,1623.02,Payment invoice 33 C1000,AR
JE01217,2026-03-27,1100,2973.18,0.00,Invoice 252 C1008,AR
JE01217,2026-03-27,4000,0.00,2973.18,Invoice 252 C1008,AR
JE01218,2026-03-27,1100,3857.73,0.00,Invoice 466 C1014,AR
JE01218,2026-03-27,4000,0.00,3857.73,Invoice 466 C1014,AR
JE01219,2026-03-27,1100,4339.71,0.00,Invoice 504 C1015,AR
JE01219,2026-03-27,4000,0.00,4339.71,Invoice 504 C1015,AR
JE01220,2026-03-27,1100,4012.83,0.00,Invoice 564 C1018,AR
JE01220,2026-03-27,4000,0.00,4012.83,Invoice 564 C1018,AR
JE01221,2026-03-27,1100,1986.52,0.00,Invoice 754 C1024,AR
JE01221,2026-03-27,4000,0.00,1986.52,Invoice 754 C1024,AR
JE01222,2026-03-28,1000,1012.61,0.00,Payment invoice 62 C1002,AR
JE01222,2026-03-28,1100,0.00,1012.61,Payment invoice 62 C1002,AR
JE01223,2026-03-28,1100,2241.44,0.00,Invoice 338 C1010,AR
JE01223,2026-03-28,4000,0.00,2241.44,Invoice 338 C1010,AR
JE01224,2026-03-28,1100,4903.27,0.00,Invoice 452 C1014,AR
JE01224,2026-03-28,4000,0.00,4903.27,Invoice 452 C1014,AR
JE01225,2026-03-28,1000,3985.21,0.00,Payment invoice 614 C1019,AR
JE01225,2026-03-28,1100,0.00,3985.21,Payment invoice 614 C1019,AR
JE01226,2026-03-28,1100,630.88,0.00,Invoice 684 C1021,AR
JE01226,2026-03-28,4000,0.00,630.88,Invoice 684 C1021,AR
JE01227,2026-03-28,2000,11048.38,0.00,Payment bill 85 Summit Contract Labor,AP
JE01227,2026-03-28,1000,0.00,11048.38,Payment bill 85 Summit Contract Labor,AP
JE01228,2026-03-29,1000,1137.56,0.00,Payment invoice 94 C1003,AR
JE01228,2026-03-29,1100,0.00,1137.56,Payment invoice 94 C1003,AR
JE01229,2026-03-29,1000,1167.85,0.00,Payment invoice 126 C1004,AR
JE01229,2026-03-29,1100,0.00,1167.85,Payment invoice 126 C1004,AR
JE01230,2026-03-29,1100,569.35,0.00,Invoice 176 C1005,AR
JE01230,2026-03-29,4000,0.00,569.35,Invoice 176 C1005,AR
JE01231,2026-03-29,1100,1852.23,0.00,Invoice 208 C1007,AR
JE01231,2026-03-29,4000,0.00,1852.23,Invoice 208 C1007,AR
JE01232,2026-03-29,1100,2698.05,0.00,Invoice 374 C1011,AR
JE01232,2026-03-29,4000,0.00,2698.05,Invoice 374 C1011,AR
JE01233,2026-03-29,1000,2784.86,0.00,Payment invoice 485 C1015,AR
JE01233,2026-03-29,1100,0.00,2784.86,Payment invoice 485 C1015,AR
JE01234,2026-03-29,1100,3131.11,0.00,Invoice 665 C1021,AR
JE01234,2026-03-29,4000,0.00,3131.11,Invoice 665 C1021,AR
JE01235,2026-03-29,1100,1479.21,0.00,Invoice 702 C1022,AR
JE01235,2026-03-29,4000,0.00,1479.21,Invoice 702 C1022,AR
JE01236,2026-03-30,1000,1044.00,0.00,Payment invoice 12 C1000,AR
JE01236,2026-03-30,1100,0.00,1044.00,Payment invoice 12 C1000,AR
JE01237,2026-03-30,1100,2858.78,0.00,Invoice 116 C1004,AR
JE01237,2026-03-30,4000,0.00,2858.78,Invoice 116 C1004,AR
JE01238,2026-03-30,1100,4700.21,0.00,Invoice 183 C1005,AR
JE01238,2026-03-30,4000,0.00,4700.21,Invoice 183 C1005,AR
JE01239,2026-03-30,1000,3394.58,0.00,Payment invoice 222 C1007,AR
JE01239,2026-03-30,1100,0.00,3394.58,Payment invoice 222 C1007,AR
JE01240,2026-03-30,1100,2061.51,0.00,Invoice 283 C1008,AR
JE01240,2026-03-30,4000,0.00,2061.51,Invoice 283 C1008,AR
JE01241,2026-03-30,1100,4623.54,0.00,Invoice 311 C1010,AR
JE01241,2026-03-30,4000,0.00,4623.54,Invoice 311 C1010,AR
JE01242,2026-03-30,1100,4711.02,0.00,Invoice 335 C1010,AR
JE01242,2026-03-30,4000,0.00,4711.02,Invoice 335 C1010,AR
JE01243,2026-03-30,1000,4569.80,0.00,Payment invoice 401 C1013,AR
JE01243,2026-03-30,1100,0.00,4569.80,Payment invoice 401 C1013,AR
JE01244,2026-03-30,1100,3515.76,0.00,Invoice 612 C1019,AR
JE01244,2026-03-30,4000,0.00,3515.76,Invoice 612 C1019,AR
JE01245,2026-03-30,1000,2286.04,0.00,Payment invoice 698 C1022,AR
JE01245,2026-03-30,1100,0.00,2286.04,Payment invoice 698 C1022,AR
JE01246,2026-03-30,1100,3686.52,0.00,Invoice 707 C1023,AR
JE01246,2026-03-30,4000,0.00,3686.52,Invoice 707 C1023,AR
JE01247,2026-03-30,1100,3223.52,0.00,Invoice 734 C1024,AR
JE01247,2026-03-30,4000,0.00,3223.52,Invoice 734 C1024,AR
JE01248,2026-03-31,1100,3157.63,0.00,Invoice 49 C1001,AR
JE01248,2026-03-31,4000,0.00,3157.63,Invoice 49 C1001,AR
JE01249,2026-03-31,1100,2200.86,0.00,Invoice 51 C1001,AR
JE01249,2026-03-31,4000,0.00,2200.86,Invoice 51 C1001,AR
JE01250,2026-03-31,1000,3200.94,0.00,Payment invoice 61 C1002,AR
JE01250,2026-03-31,1100,0.00,3200.94,Payment invoice 61 C1002,AR
JE01251,2026-03-31,1000,3663.01,0.00,Payment invoice 139 C1004,AR
JE01251,2026-03-31,1100,0.00,3663.01,Payment invoice 139 C1004,AR
JE01252,2026-03-31,1000,3222.47,0.00,Payment invoice 152 C1004,AR
JE01252,2026-03-31,1100,0.00,3222.47,Payment invoice 152 C1004,AR
JE01253,2026-03-31,1100,2916.41,0.00,Invoice 182 C1005,AR
JE01253,2026-03-31,4000,0.00,2916.41,Invoice 182 C1005,AR
JE01254,2026-03-31,1100,3082.17,0.00,Invoice 390 C1012,AR
JE01254,2026-03-31,4000,0.00,3082.17,Invoice 390 C1012,AR
JE01255,2026-03-31,1100,629.19,0.00,Invoice 407 C1013,AR
JE01255,2026-03-31,4000,0.00,629.19,Invoice 407 C1013,AR
JE01256,2026-03-31,1000,3657.31,0.00,Payment invoice 424 C1013,AR
JE01256,2026-03-31,1100,0.00,3657.31,Payment invoice 424 C1013,AR
JE01257,2026-03-31,1000,811.35,0.00,Payment invoice 483 C1015,AR
JE01257,2026-03-31,1100,0.00,811.35,Payment invoice 483 C1015,AR
JE01258,2026-03-31,1000,4412.18,0.00,Payment invoice 510 C1016,AR
JE01258,2026-03-31,1100,0.00,4412.18,Payment invoice 510 C1016,AR
JE01259,2026-03-31,1000,2369.51,0.00,Payment invoice 596 C1019,AR
JE01259,2026-03-31,1100,0.00,2369.51,Payment invoice 596 C1019,AR
JE01260,2026-03-31,1000,1293.45,0.00,Payment invoice 727 C1023,AR
JE01260,2026-03-31,1100,0.00,1293.45,Payment invoice 727 C1023,AR
JE01261,2026-03-31,6170,8070.00,0.00,Employee benefits,Payroll
JE01261,2026-03-31,1000,0.00,8070.00,Employee benefits,Payroll
JE01262,2026-03-31,6800,4200.00,0.00,Monthly depreciation,Depreciation
JE01262,2026-03-31,1590,0.00,4200.00,Monthly depreciation,Depreciation
JE01263,2026-04-01,1000,984.79,0.00,Payment invoice 70 C1002,AR
JE01263,2026-04-01,1100,0.00,984.79,Payment invoice 70 C1002,AR
JE01264,2026-04-01,1000,1716.52,0.00,Payment invoice 265 C1008,AR
JE01264,2026-04-01,1100,0.00,1716.52,Payment invoice 265 C1008,AR
JE01265,2026-04-01,1100,3368.59,0.00,Invoice 392 C1012,AR
JE01265,2026-04-01,4000,0.00,3368.59,Invoice 392 C1012,AR
JE01266,2026-04-01,1000,4244.36,0.00,Payment invoice 427 C1013,AR
JE01266,2026-04-01,1100,0.00,4244.36,Payment invoice 427 C1013,AR
JE01267,2026-04-01,1100,4933.07,0.00,Invoice 484 C1015,AR
JE01267,2026-04-01,4000,0.00,4933.07,Invoice 484 C1015,AR
JE01268,2026-04-01,1000,4581.91,0.00,Payment invoice 567 C1018,AR
JE01268,2026-04-01,1100,0.00,4581.91,Payment invoice 567 C1018,AR
JE01269,2026-04-01,1100,766.43,0.00,Invoice 726 C1023,AR
JE01269,2026-04-01,4000,0.00,766.43,Invoice 726 C1023,AR
JE01270,2026-04-02,1100,4519.93,0.00,Invoice 3 C1000,AR
JE01270,2026-04-02,4000,0.00,4519.93,Invoice 3 C1000,AR
JE01271,2026-04-02,1100,600.45,0.00,Invoice 6 C1000,AR
JE01271,2026-04-02,4000,0.00,600.45,Invoice 6 C1000,AR
JE01272,2026-04-02,1100,2611.94,0.00,Invoice 19 C1000,AR
JE01272,2026-04-02,4000,0.00,2611.94,Invoice 19 C1000,AR
JE01273,2026-04-02,1100,4120.56,0.00,Invoice 30 C1000,AR
JE01273,2026-04-02,4000,0.00,4120.56,Invoice 30 C1000,AR
JE01274,2026-04-02,1100,568.31,0.00,Invoice 179 C1005,AR
JE01274,2026-04-02,4000,0.00,568.31,Invoice 179 C1005,AR
JE01275,2026-04-02,1100,2049.27,0.00,Invoice 565 C1018,AR
JE01275,2026-04-02,4000,0.00,2049.27,Invoice 565 C1018,AR
JE01276,2026-04-02,2000,6225.53,0.00,Payment bill 90 Prairie Utilities,AP
JE01276,2026-04-02,1000,0.00,6225.53,Payment bill 90 Prairie Utilities,AP
JE01277,2026-04-03,1000,3948.46,0.00,Payment invoice 219 C1007,AR
JE01277,2026-04-03,1100,0.00,3948.46,Payment invoice 219 C1007,AR
JE01278,2026-04-03,1100,3435.81,0.00,Invoice 326 C1010,AR
JE01278,2026-04-03,4000,0.00,3435.81,Invoice 326 C1010,AR
JE01279,2026-04-03,1100,3026.86,0.00,Invoice 657 C1021,AR
JE01279,2026-04-03,4000,0.00,3026.86,Invoice 657 C1021,AR
JE01280,2026-04-03,1100,2481.02,0.00,Invoice 688 C1022,AR
JE01280,2026-04-03,4000,0.00,2481.02,Invoice 688 C1022,AR
JE01281,2026-04-03,1100,760.54,0.00,Invoice 748 C1024,AR
JE01281,2026-04-03,4000,0.00,760.54,Invoice 748 C1024,AR
JE01282,2026-04-03,2000,8933.70,0.00,Payment bill 57 Meridian Legal LLP,AP
JE01282,2026-04-03,1000,0.00,8933.70,Payment bill 57 Meridian Legal LLP,AP
JE01283,2026-04-03,6100,15624.62,0.00,Payroll run,Payroll
JE01283,2026-04-03,6110,11807.69,0.00,Payroll run,Payroll
JE01283,2026-04-03,6120,6923.08,0.00,Payroll run,Payroll
JE01283,2026-04-03,6130,9000.00,0.00,Payroll run,Payroll
JE01283,2026-04-03,6160,3685.21,0.00,Payroll run,Payroll
JE01283,2026-04-03,1000,0.00,47040.60,Payroll run,Payroll
JE01284,2026-04-04,1000,2873.21,0.00,Payment invoice 35 C1000,AR
JE01284,2026-04-04,1100,0.00,2873.21,Payment invoice 35 C1000,AR
JE01285,2026-04-04,1100,4137.19,0.00,Invoice 88 C1003,AR
JE01285,2026-04-04,4000,0.00,4137.19,Invoice 88 C1003,AR
JE01286,2026-04-04,1000,4773.33,0.00,Payment invoice 244 C1008,AR
JE01286,2026-04-04,1100,0.00,4773.33,Payment invoice 244 C1008,AR
JE01287,2026-04-04,1100,4197.76,0.00,Invoice 279 C1008,AR
JE01287,2026-04-04,4000,0.00,4197.76,Invoice 279 C1008,AR
JE01288,2026-04-04,1100,1806.33,0.00,Invoice 360 C1011,AR
JE01288,2026-04-04,4000,0.00,1806.33,Invoice 360 C1011,AR
JE01289,2026-04-04,1000,2976.74,0.00,Payment invoice 400 C1012,AR
JE01289,2026-04-04,1100,0.00,2976.74,Payment invoice 400 C1012,AR
JE01290,2026-04-04,1000,1829.13,0.00,Payment invoice 456 C1014,AR
JE01290,2026-04-04,1100,0.00,1829.13,Payment invoice 456 C1014,AR
JE01291,2026-04-04,1100,2113.82,0.00,Invoice 580 C1018,AR
JE01291,2026-04-04,4000,0.00,2113.82,Invoice 580 C1018,AR
JE01292,2026-04-04,1100,1584.66,0.00,Invoice 593 C1019,AR
JE01292,2026-04-04,4000,0.00,1584.66,Invoice 593 C1019,AR
JE01293,2026-04-04,2000,10051.90,0.00,Payment bill 82 Harbor Freight & Logistics,AP
JE01293,2026-04-04,1000,0.00,10051.90,Payment bill 82 Harbor Freight & Logistics,AP
JE01294,2026-04-05,1000,807.02,0.00,Payment invoice 166 C1005,AR
JE01294,2026-04-05,1100,0.00,807.02,Payment invoice 166 C1005,AR
JE01295,2026-04-05,1000,2856.86,0.00,Payment invoice 205 C1006,AR
JE01295,2026-04-05,1100,0.00,2856.86,Payment invoice 205 C1006,AR
JE01296,2026-04-05,1000,3191.35,0.00,Payment invoice 225 C1007,AR
JE01296,2026-04-05,1100,0.00,3191.35,Payment invoice 225 C1007,AR
JE01297,2026-04-05,1100,4977.52,0.00,Invoice 243 C1007,AR
JE01297,2026-04-05,4000,0.00,4977.52,Invoice 243 C1007,AR
JE01298,2026-04-05,1100,2589.94,0.00,Invoice 329 C1010,AR
JE01298,2026-04-05,4000,0.00,2589.94,Invoice 329 C1010,AR
JE01299,2026-04-05,1000,3239.77,0.00,Payment invoice 398 C1012,AR
JE01299,2026-04-05,1100,0.00,3239.77,Payment invoice 398 C1012,AR
JE01300,2026-04-05,1100,3251.83,0.00,Invoice 455 C1014,AR
JE01300,2026-04-05,4000,0.00,3251.83,Invoice 455 C1014,AR
JE01301,2026-04-05,1100,2166.30,0.00,Invoice 476 C1015,AR
JE01301,2026-04-05,4000,0.00,2166.30,Invoice 476 C1015,AR
JE01302,2026-04-05,1100,1479.07,0.00,Invoice 503 C1015,AR
JE01302,2026-04-05,4000,0.00,1479.07,Invoice 503 C1015,AR
JE01303,2026-04-05,1000,3360.53,0.00,Payment invoice 600 C1019,AR
JE01303,2026-04-05,1100,0.00,3360.53,Payment invoice 600 C1019,AR
JE01304,2026-04-05,1100,1217.08,0.00,Invoice 745 C1024,AR
JE01304,2026-04-05,4000,0.00,1217.08,Invoice 745 C1024,AR
JE01305,2026-04-05,2000,14904.31,0.00,Payment bill 79 Apex Materials,AP
JE01305,2026-04-05,1000,0.00,14904.31,Payment bill 79 Apex Materials,AP
JE01306,2026-04-06,1000,4549.18,0.00,Payment invoice 39 C1000,AR
JE01306,2026-04-06,1100,0.00,4549.18,Payment invoice 39 C1000,AR
JE01307,2026-04-06,1100,3261.55,0.00,Invoice 71 C1002,AR
JE01307,2026-04-06,4000,0.00,3261.55,Invoice 71 C1002,AR
JE01308,2026-04-06,1000,1660.86,0.00,Payment invoice 100 C1003,AR
JE01308,2026-04-06,1100,0.00,1660.86,Payment invoice 100 C1003,AR
JE01309,2026-04-06,1000,1903.11,0.00,Payment invoice 111 C1003,AR
JE01309,2026-04-06,1100,0.00,1903.11,Payment invoice 111 C1003,AR
JE01310,2026-04-06,1100,2953.79,0.00,Invoice 131 C1004,AR
JE01310,2026-04-06,4000,0.00,2953.79,Invoice 131 C1004,AR
JE01311,2026-04-06,1100,593.83,0.00,Invoice 340 C1010,AR
JE01311,2026-04-06,4000,0.00,593.83,Invoice 340 C1010,AR
JE01312,2026-04-06,1100,3220.72,0.00,Invoice 429 C1013,AR
JE01312,2026-04-06,4000,0.00,3220.72,Invoice 429 C1013,AR
JE01313,2026-04-06,1000,2103.44,0.00,Payment invoice 433 C1013,AR
JE01313,2026-04-06,1100,0.00,2103.44,Payment invoice 433 C1013,AR
JE01314,2026-04-06,1100,1825.32,0.00,Invoice 511 C1016,AR
JE01314,2026-04-06,4000,0.00,1825.32,Invoice 511 C1016,AR
JE01315,2026-04-06,1100,2919.80,0.00,Invoice 625 C1019,AR
JE01315,2026-04-06,4000,0.00,2919.80,Invoice 625 C1019,AR
JE01316,2026-04-06,1100,3409.67,0.00,Invoice 626 C1020,AR
JE01316,2026-04-06,4000,0.00,3409.67,Invoice 626 C1020,AR
JE01317,2026-04-06,2000,18021.25,0.00,Payment bill 59 Northwind Components,AP
JE01317,2026-04-06,1000,0.00,18021.25,Payment bill 59 Northwind Components,AP
JE01318,2026-04-07,1000,4150.13,0.00,Payment invoice 56 C1001,AR
JE01318,2026-04-07,1100,0.00,4150.13,Payment invoice 56 C1001,AR
JE01319,2026-04-07,1000,4129.19,0.00,Payment invoice 75 C1002,AR
JE01319,2026-04-07,1100,0.00,4129.19,Payment invoice 75 C1002,AR
JE01320,2026-04-07,1100,1808.70,0.00,Invoice 90 C1003,AR
JE01320,2026-04-07,4000,0.00,1808.70,Invoice 90 C1003,AR
JE01321,2026-04-07,1100,3860.52,0.00,Invoice 228 C1007,AR
JE01321,2026-04-07,4000,0.00,3860.52,Invoice 228 C1007,AR
JE01322,2026-04-07,1100,4975.39,0.00,Invoice 237 C1007,AR
JE01322,2026-04-07,4000,0.00,4975.39,Invoice 237 C1007,AR
JE01323,2026-04-07,1100,4638.57,0.00,Invoice 303 C1009,AR
JE01323,2026-04-07,4000,0.00,4638.57,Invoice 303 C1009,AR
JE01324,2026-04-07,1000,2119.96,0.00,Payment invoice 345 C1010,AR
JE01324,2026-04-07,1100,0.00,2119.96,Payment invoice 345 C1010,AR
JE01325,2026-04-07,1000,2015.14,0.00,Payment invoice 391 C1012,AR
JE01325,2026-04-07,1100,0.00,2015.14,Payment invoice 391 C1012,AR
JE01326,2026-04-07,1100,656.94,0.00,Invoice 454 C1014,AR
JE01326,2026-04-07,4000,0.00,656.94,Invoice 454 C1014,AR
JE01327,2026-04-07,1000,2291.13,0.00,Payment invoice 555 C1017,AR
JE01327,2026-04-07,1100,0.00,2291.13,Payment invoice 555 C1017,AR
JE01328,2026-04-07,1000,4304.51,0.00,Payment invoice 621 C1019,AR
JE01328,2026-04-07,1100,0.00,4304.51,Payment invoice 621 C1019,AR
JE01329,2026-04-07,1100,1507.87,0.00,Invoice 690 C1022,AR
JE01329,2026-04-07,4000,0.00,1507.87,Invoice 690 C1022,AR
JE01330,2026-04-07,5000,17896.48,0.00,Bill 96 Northwind Components,AP
JE01330,2026-04-07,2000,0.00,17896.48,Bill 96 Northwind Components,AP
JE01331,2026-04-08,1000,844.93,0.00,Payment invoice 67 C1002,AR
JE01331,2026-04-08,1100,0.00,844.93,Payment invoice 67 C1002,AR
JE01332,2026-04-08,1000,4286.24,0.00,Payment invoice 202 C1006,AR
JE01332,2026-04-08,1100,0.00,4286.24,Payment invoice 202 C1006,AR
JE01333,2026-04-08,1000,2374.72,0.00,Payment invoice 260 C1008,AR
JE01333,2026-04-08,1100,0.00,2374.72,Payment invoice 260 C1008,AR
JE01334,2026-04-08,1000,896.13,0.00,Payment invoice 276 C1008,AR
JE01334,2026-04-08,1100,0.00,896.13,Payment invoice 276 C1008,AR
JE01335,2026-04-08,1100,3751.11,0.00,Invoice 586 C1019,AR
JE01335,2026-04-08,4000,0.00,3751.11,Invoice 586 C1019,AR
JE01336,2026-04-08,1100,2543.82,0.00,Invoice 732 C1023,AR
JE01336,2026-04-08,4000,0.00,2543.82,Invoice 732 C1023,AR
JE01337,2026-04-08,2000,12461.33,0.00,Payment bill 86 Summit Contract Labor,AP
JE01337,2026-04-08,1000,0.00,12461.33,Payment bill 86 Summit Contract Labor,AP
JE01338,2026-04-08,2000,9815.36,0.00,Payment bill 91 Cedar Property Mgmt,AP
JE01338,2026-04-08,1000,0.00,9815.36,Payment bill 91 Cedar Property Mgmt,AP
JE01339,2026-04-08,5000,17897.50,0.00,Bill 97 Apex Materials,AP
JE01339,2026-04-08,2000,0.00,17897.50,Bill 97 Apex Materials,AP
JE01340,2026-04-08,6220,4853.49,0.00,Bill 98 Bright Accounting Group,AP
JE01340,2026-04-08,2000,0.00,4853.49,Bill 98 Bright Accounting Group,AP
JE01341,2026-04-09,1100,3631.25,0.00,Invoice 4 C1000,AR
JE01341,2026-04-09,4000,0.00,3631.25,Invoice 4 C1000,AR
JE01342,2026-04-09,1000,3160.19,0.00,Payment invoice 5 C1000,AR
JE01342,2026-04-09,1100,0.00,3160.19,Payment invoice 5 C1000,AR
JE01343,2026-04-09,1000,3785.74,0.00,Payment invoice 249 C1008,AR
JE01343,2026-04-09,1100,0.00,3785.74,Payment invoice 249 C1008,AR
JE01344,2026-04-09,1100,3729.70,0.00,Invoice 368 C1011,AR
JE01344,2026-04-09,4000,0.00,3729.70,Invoice 368 C1011,AR
JE01345,2026-04-09,1000,3751.66,0.00,Payment invoice 468 C1014,AR
JE01345,2026-04-09,1100,0.00,3751.66,Payment invoice 468 C1014,AR
JE01346,2026-04-09,2000,21608.15,0.00,Payment bill 58 Northwind Components,AP
JE01346,2026-04-09,1000,0.00,21608.15,Payment bill 58 Northwind Components,AP
JE01347,2026-04-09,5000,10322.93,0.00,Bill 99 Harbor Freight & Logistics,AP
JE01347,2026-04-09,2000,0.00,10322.93,Bill 99 Harbor Freight & Logistics,AP
JE01348,2026-04-09,6230,8927.55,0.00,Bill 100 Evergreen Insurance,AP
JE01348,2026-04-09,2000,0.00,8927.55,Bill 100 Evergreen Insurance,AP
